ASUID,DOB,asuriteUserID,password,firstName,lastName,middleName
1920275710,1995-12-19,liubenjamin,hXBUj84Z,Becky,Parker,Sherri
1340580601,2002-10-25,rosekimberly,T2QYH7DS,John,Merritt,Colleen
1701322888,1990-12-21,yjohnson,OYnbZoqW,Sherri,Anderson,Lori
1013457763,1993-05-08,richardsonthomas,XhZSyo^o,Jessica,Carpenter,Jordan
1022017127,2006-07-16,andreashah,r5J^Cp$e,Diana,Hudson,Kyle
1132809582,1983-02-10,melendezchristina,pJ#hz$*n,Virginia,Sanchez,Daniel
1309116767,2004-09-17,lindsaydiaz,Xv7QYPM6,Christopher,Heath,N/A
1121582651,1977-10-04,scott46,!z014H24,Bryce,Randall,Christopher
1842524563,2003-10-29,emay,K!fNb9QJ,Cynthia,Johnson,N/A
1534644354,1967-02-08,bauerdenise,pCZm&UmO,William,Coleman,Rodney
1472663594,1995-10-29,cruzcarolyn,qEc5GSsw,Alyssa,Webb,Christine
1947287219,1971-06-25,brendansmith,ikQhE#X#,Joan,Escobar,N/A
1280589391,1955-03-06,johngoodman,ibvF^GsI,Kylie,Kelley,N/A
1746881835,1957-02-17,coryli,YwOYabRy,Karl,Greer,Dennis
1405904288,1971-11-20,fisherpatricia,rOo9th12,Rebecca,Phillips,N/A
1240024044,1978-10-31,john39,UC94@5T7,Alexandria,Meyer,Leslie
1965810421,1967-02-13,kmack,QaksVfOi,Todd,Scott,Robert
1613477171,1962-11-23,davisgeorge,6FcS1DdD,Daniel,Walker,Maria
1747394756,1987-06-09,stacyhoward,BGm#VL7O,Evan,Henderson,Calvin
1482647691,1988-10-25,daviesmarcus,EuOK0WhX,Jason,Powers,Lauren
1943679101,1958-07-13,ariana16,K&0&fsZT,Crystal,Taylor,Joseph
1099551026,1998-06-01,thomas33,uRYHy3t5,Ashley,Mora,Debbie
1686948629,1993-04-23,christinagalvan,hoV@B2#V,Robert,Bass,Theresa
1931257019,2007-07-30,donaldburton,UEAW95vH,Michelle,Leonard,N/A
1568828363,1989-11-14,jonestimothy,CgUTkvQp,Judy,Curry,N/A
1939363342,1992-07-08,fjohnson,n7OaJBvG,Victoria,Wilson,N/A
1202609917,1983-11-06,elopez,5BLr9jSh,Heather,Stewart,Kimberly
1049162329,1962-08-29,bellmike,H$rPKuaZ,Lawrence,Bailey,Kayla
1851519573,1974-05-20,lesliereyes,oV$U@T^U,Greg,Anthony,Jennifer
1109034381,1962-01-29,malexander,jiS%mu@A,Bryan,Knox,Ronnie
1806054876,1994-05-16,kimberly62,Rod&pllr,Jared,Ayala,N/A
1378589250,1975-05-13,davisstephanie,qjOB9jFV,Daniel,Sanchez,N/A
1934684736,1963-11-13,mitchellchelsea,F55utzAA,Jaime,Collins,Gregory
1037478604,1979-09-01,mccallgeorge,3THY#mzv,Darlene,Shields,Michael
1294600347,2003-06-13,wmendoza,J%8HsAH0,Kevin,Mann,N/A
1756586659,1974-12-15,thomas83,TiQ1@KjL,Gina,Martinez,N/A
1077423275,1986-07-19,bennettchristine,^nll7UAV,Sarah,Reyes,Christine
1316541024,2004-07-31,hansonmark,aB&kN^1v,Kelsey,Johnson,Stacy
1600629587,1977-03-21,ywilliams,RFC64sNM,Kelly,Fuentes,Mitchell
1237824025,1961-11-10,ambersimpson,fIaeI^8n,Joseph,Johnson,Alyssa
1989955882,1963-11-01,patriciaparrish,!0S5JFAN,Matthew,Mcdaniel,N/A
1482162329,1962-07-11,brian87,h8BZfvDn,Emily,Smith,N/A
1195174430,1999-03-23,frichardson,&@b8kE!W,Bridget,Smith,N/A
1312604806,1987-05-02,donovanangela,ePWkBcF8,Zachary,Cooper,Katie
1855333405,1957-07-17,flindsey,@H@OTpX9,Larry,Cunningham,Jacob
1817510494,1998-11-10,bennettbrandy,Gs!9XDqq,Michele,Palmer,Andrew
1493159585,1998-07-03,robertrios,NQZvdxDV,Sara,Cline,Ricardo
1446905283,2000-03-27,whitemary,oHCiJ%5N,Kelly,Olson,N/A
1483255169,1975-10-11,smithbrittany,$5YQHFys,Alejandra,Peterson,Ryan
1662565308,1982-07-18,nicole92,bG$r$g%p,Timothy,Soto,N/A
1164303693,1973-04-02,matthewmooney,ycyZ^A%Y,Jonathan,Villanueva,Austin
1414112168,1978-02-11,smithashley,1%EjdAyW,Ryan,Johnson,Jesse
1776757744,1959-04-15,nwilliams,ze0#pNVM,Morgan,Drake,William
1361051152,1964-02-24,jhill,7CwjmoGO,Matthew,Williams,N/A
1851914615,2006-03-17,allendanny,lr7LiL6H,Matthew,Scott,Alison
1441149898,1959-02-22,mariowright,w^x*juzB,David,Wilson,Bruce
1634108568,1998-07-08,simpsonashley,f*peJHXk,Dan,Daniels,N/A
1804666022,1965-05-07,montgomerykimberly,1v^hP0hW,Joe,Herman,N/A
1051717690,1984-03-17,courtney86,2#Rut%RQ,Evan,Miller,Patrick
1045729861,1996-09-24,brownteresa,^YI8i4Kw,Allen,Miller,N/A
1826491762,1985-12-26,hunterhernandez,SHj9$f0#,Tony,Long,N/A
1062539433,1995-04-30,andersonerin,F!850yCK,Dennis,Hernandez,Pamela
1820031865,1991-02-21,jjones,SqS2yU5r,Seth,Gordon,George
1883089590,1985-10-15,walkerderek,hdx1D%!s,Andrea,Williams,Lindsay
1832799751,1988-04-01,middletonleonard,$d4cBwde,Michele,Duncan,Justin
1830586741,1963-10-03,eugene27,frl0MJYl,Breanna,Ortiz,Joshua
1041246943,1983-08-04,williamellis,m3cgHG1X,Matthew,Glass,N/A
1811561209,1955-07-13,tiffanyanthony,FC@r!M3K,Andrew,Roberts,N/A
1125831881,1956-01-27,jimenezwayne,s7JhQNWf,Corey,Adkins,Melissa
1882977063,1976-12-28,heatherramos,YB76T4Mo,Angela,Bryant,Nicole
1001605084,1976-06-29,garciacarla,u^W$OfAd,Diane,Barnes,Thomas
1687700628,1965-01-26,thompsonadam,te0PJH6n,Kenneth,Riddle,Caleb
1262913198,2000-06-29,johnsonjason,gpk6e&Bp,Brian,Newman,William
1585177519,1965-09-20,gregorymorrison,ygQG5WE7,Jimmy,Green,Megan
1382539002,1973-09-08,rhorton,N@5GIHE8,Jesus,Lozano,Diane
1807103290,1970-06-13,josephunderwood,ONs3hFyL,Ryan,Morton,N/A
1004023200,1996-11-07,ortegalatasha,tcIvAHVS,Andrea,Cruz,Maria
1381903879,1992-02-08,harrisdana,bCR9ewo5,Christopher,White,David
1790043569,1985-03-26,hughesdavid,8L4eTYVk,Monique,Miller,N/A
1221293190,1968-03-06,gonzalezrebecca,*GuO&%vo,Victoria,Fuller,N/A
1408000766,2005-10-28,kleinjacob,fcuuylj0,Melissa,Morales,N/A
1046134080,1963-01-24,iperez,tfIChsse,Courtney,Lucas,James
1422013471,1978-04-26,johnsonthomas,e55zzT^O,Veronica,Calhoun,Elizabeth
1175217798,1995-02-06,patriciaanderson,Z#h1mIXz,Cynthia,West,N/A
1474620145,2002-10-22,patriciacoleman,a8rc9vPJ,John,Jimenez,Andrew
1854065122,1972-01-12,baileyjennifer,%PupluDg,Michelle,Shepard,N/A
1132487092,1987-12-17,michael65,5hQMe2zc,James,Mcgee,Sherry
1406866484,2005-02-26,zfrancis,s8VE!6!#,Veronica,Ray,Michelle
1652896871,2001-07-10,levybilly,Uprkqvs5,Dylan,Chung,Shelby
1134082754,1993-10-22,mariah56,urz9V0F0,Matthew,Sanchez,Kyle
1805425540,1980-09-07,mcneiltravis,VqB5O!1U,Amy,Jones,N/A
1769661484,1995-05-03,heiditorres,&HlYeZA9,Barbara,Mejia,Brian
1419816316,1967-03-30,hferguson,xRJWsOPK,Katie,Smith,Cynthia
1321314775,1960-12-06,icarter,U8Krq8qN,Michelle,Baker,Kathleen
1531201022,1996-12-08,joseph05,7YChgRB0,Diane,Smith,Jennifer
1005129584,1975-09-17,rivastodd,1^WxxyTZ,Sydney,Higgins,Cory
1965438119,1998-07-27,michaellee,7ptO^ZkY,Seth,Burns,N/A
1158845235,2004-05-13,frivera,iCy1Vf$l,Jennifer,Alvarez,N/A
1109403845,1995-12-06,bill17,bv%66Oax,Jeremiah,Berger,N/A
1741545461,1996-10-04,vazquezmichael,OOlT7t5i,Brad,Ramirez,Cole
1388567600,1956-03-19,patrickmaddox,Sn$C9mVk,Kristy,Lang,Emily
1009234900,1982-07-19,darren58,QsW9I4Ai,Joseph,Gray,Jennifer
1388431384,1987-05-08,bmoore,tJt9poVK,Arthur,Mayer,Teresa
1516734301,1955-10-30,roberttucker,&@AoT1Nj,Anthony,Moore,N/A
1206558964,1954-12-07,smithkatherine,qEeEXCmS,Katherine,Oconnor,N/A
1311961718,2006-03-06,daisy51,wFRGb!FC,Tyler,Hicks,Bobby
1636997020,1988-10-10,gmartin,c%R1CtdM,Bradley,Johnson,Scott
1702471706,1988-02-16,kevin98,1NZ30u8K,Christopher,Beck,N/A
1425190839,1990-04-09,rossmorgan,D%7bUQo@,Marvin,Huff,N/A
1390278630,1990-06-15,keith14,n96xHzj$,Johnathan,Davis,N/A
1784077512,1996-07-30,rebecca51,uXTg*vIp,Lori,Wilson,Brittany
1399705684,1973-05-27,jacobortiz,5zM0B7Dp,Amy,Collins,Melissa
1919768583,1969-10-28,williamsonsuzanne,cQD3PCeH,John,Gill,Carol
1171145425,1965-12-05,lhayes,1R4p*dpx,Justin,Miller,Randy
1835725428,2001-08-14,jillcarr,UZXcwE9p,John,Fischer,Elizabeth
1246647269,1991-10-26,christinevalentine,EAiN%qyZ,Travis,Ross,Alexa
1480030321,1996-05-28,tina89,qHFGzqNB,Tiffany,Henry,Natasha
1009439267,1997-12-26,nsalazar,99g*H^6j,Travis,Houston,Cameron
1837223258,1965-05-12,christianschaefer,p*Cupyl@,Lisa,Green,Julie
1911474872,1956-11-07,christine79,e7tM&rF9,Roger,Nichols,N/A
1085787710,1990-06-25,wmoore,WmM!gLsg,Brian,Jones,Travis
1451974023,1983-04-01,steven91,Y&ENwHko,Donald,Cross,Toni
1644011772,1960-06-10,qhall,Qik0%zF1,Christopher,Lambert,Jessica
1791507869,1984-11-22,erin32,MEZoCEhm,Jennifer,Middleton,Alexandra
1912859023,1962-12-25,jacksonstephen,fWZnw$6m,Alec,Harvey,Brenda
1337151295,1996-07-06,kevin21,Q13ZKZRT,Julie,Reynolds,N/A
1938126771,1970-09-06,qcooper,tYxwTT5D,Michael,Bowman,N/A
1466224941,1954-10-25,armstrongedward,h%0AA8GT,Patricia,Martin,N/A
1070117488,1989-01-08,christopher83,83BKXJaq,Leslie,Knight,N/A
1664249816,1958-03-22,ibradley,#sQwgq$V,Amanda,Callahan,William
1153225826,1971-03-23,gnelson,fzgo7cQ3,Jeanne,Harrell,Nicholas
1998382774,1997-11-23,victoriabrown,h8yDQ#bh,Susan,Tyler,Alexis
1443725162,1975-01-17,kristen14,a^8KvO$3,Marcus,Fleming,Lori
1001658775,1959-11-24,ashley24,my1SRL73,Kimberly,Berry,Mary
1877496896,1977-01-09,ebuchanan,X#A$olPo,Jamie,Ramos,Sarah
1688348711,1964-10-10,combsjames,f27dhbLv,Benjamin,Wright,N/A
1941822355,1984-02-23,john56,5Ubbd6Gi,Tasha,Wong,N/A
1313550271,1988-08-26,becky86,Sz$YYpWR,Jason,Howard,Theresa
1574190861,2001-10-09,christymann,Nl&A59Hu,Christian,Pierce,N/A
1100800966,1985-05-22,madisonwang,OhDDiJL&,Lynn,Stewart,N/A
1932112285,1970-12-12,williamsrhonda,l*a62G!6,Jason,Boyd,N/A
1118891711,1996-11-19,yoliver,7PV^C@wR,Darryl,Frank,Laurie
1424222123,1963-12-16,tperkins,wXFI3#ct,Brian,Kirk,Corey
1451631357,1974-01-25,hahnkenneth,xwRjs9ZJ,Thomas,Bishop,Elizabeth
1024437665,1982-04-22,mary46,VmYVK&JH,Carlos,Roberts,N/A
1935790963,1999-11-13,carolgallegos,j&5y0Ct0,Charles,Fox,Kelly
1782635031,1968-10-23,misty62,6PxjPv!X,Ellen,Johnson,Bailey
1556782227,2003-03-14,heatherhobbs,Z9ORXhUP,Justin,Davis,N/A
1999098576,1999-03-16,anngordon,zl4Yof4h,Mary,Henry,Holly
1387801982,1995-01-06,susan48,L^q0B7Sr,Sarah,Rhodes,N/A
1297273441,1974-10-16,raustin,MsO6LJHM,Amanda,Parrish,Justin
1061077116,1999-06-04,riveracameron,@5mpUvJi,Jonathan,Sutton,Ethan
1777769916,1957-03-26,taylortonya,%MxNepFA,Olivia,Singleton,Michael
1712280578,1967-07-23,christopher25,QZD3rmYt,Chelsea,Silva,Kimberly
1278770000,2006-10-23,william55,iOuGzibw,Catherine,King,N/A
1499551312,1973-07-17,xcline,ArQtgnla,Megan,Graves,N/A
1842320733,1997-08-13,john76,%ntHSTBI,Paul,Jackson,N/A
1246633490,1956-11-26,chadferguson,3DZ#xu0#,Austin,Alvarez,Kayla
1348152801,2005-01-24,dennis73,Ju$U@qGz,John,Elliott,Danielle
1785807720,1973-01-16,trevorwilson,Rx5V0^Q2,Deborah,Casey,N/A
1604388368,1993-02-08,yeseniaschroeder,0aT2UNvO,James,Martinez,N/A
1780078311,1958-12-30,brittany78,YABjAB9A,Jennifer,Bryant,Laurie
1323742915,1996-09-30,ryan20,DHpdAh3z,Michael,Nelson,N/A
1496594210,2007-05-26,williamprice,McuA39Za,Anne,Yang,Jennifer
1617822409,1989-06-14,ununez,0fcD^ysY,Heather,Atkinson,Melanie
1713195722,1978-10-19,catherine70,!bqQ5PoK,Jenna,Johnson,N/A
1897767352,2002-01-07,christopherwalker,o6VNwzw7,Jason,Jimenez,Juan
1693864426,1983-01-16,joshuabuchanan,cT8FptF4,Veronica,Jordan,Jessica
1969504159,1974-08-21,wilsoncorey,CUZ^!&Ac,Rebecca,King,N/A
1185771191,1999-02-21,hannahsuarez,cg9IgKqc,Megan,Nielsen,N/A
1548551546,1962-01-18,garrisonkristin,OIFTAFcm,Ronald,Mcclure,Joe
1433507545,1977-10-03,swall,tiHkxtN3,Sarah,Smith,Joseph
1217150605,1979-04-26,martingregory,KSBC&d%9,Sarah,Miller,N/A
1907591570,1961-07-09,sarahharvey,aVF#iGf5,Sheena,Sanchez,Amy
1056208563,1974-09-09,josephdaniel,kDAaumOH,Caitlin,Johnson,Gary
1576300267,1964-03-09,goodrobert,mLu6!KUH,John,Boyd,Louis
1706098180,1967-12-11,carrilloanna,$7KKWy67,Shannon,Obrien,N/A
1401648475,1974-02-25,oknight,e16az*%x,Laura,Johnson,N/A
1518200632,1982-11-25,bondbeth,uzPuA3yy,Joseph,Sanchez,Angela
1043220090,1978-04-02,jenniferball,dET5daAd,Michelle,Johnson,Sharon
1810280208,1994-05-17,xcrawford,lf5RDJUt,Ashley,Rivera,Katelyn
1441228913,1964-03-13,hernandezamber,cJh!K2@n,Rebecca,Cole,Jennifer
1988245744,1982-01-08,mollygarcia,NxidKJI!,Amy,Willis,N/A
1101932413,1964-08-12,thomas17,2cMwxlHr,Julie,Cook,N/A
1106133425,1982-09-21,jennifer36,@slqIQbh,Kevin,Mclaughlin,Adrian
1726958738,1990-10-15,ryanrita,A91f3TbJ,Debbie,Reynolds,N/A
1529463433,1962-07-17,michael49,P8$fi%jz,Steven,Hensley,James
1702361569,1990-01-18,tabithajohnson,C4Wda6@8,Tammy,Fox,Robert
1913550074,1959-10-25,pgardner,r1gFa7VL,Robert,Robinson,Leslie
1217070379,1955-07-12,castillodonald,AL%3CQ7c,Joanna,Curtis,Nicholas
1375043120,1957-11-16,greenkristen,8qsQzKJ&,Kenneth,Torres,Michael
1311804987,1969-11-26,lroy,flvbVllb,Ashley,Stewart,N/A
1636468024,1961-05-30,jacobstevens,1oh5$Bbg,Shaun,Soto,Robert
1456682625,1987-12-03,christopher12,#bZjU!Vy,Sandra,Bailey,Michael
1076648554,1981-10-27,lauren68,cRYz*^vA,Heather,Stone,Patrick
1490171785,2001-09-09,tcohen,&S5DwfiR,David,Mack,N/A
1182444578,1969-05-13,hooperabigail,K5wipq22,Heather,Trujillo,Wendy
1643650260,1984-01-11,ymcgrath,#zwCLkvH,Kathleen,Baker,N/A
1835629714,1979-11-17,janice57,ynSkprSb,Daniel,Lowery,Corey
1190652827,1981-05-18,gonzaleznicholas,2ldC6dkb,Andrew,Carter,Carrie
1152318491,1989-05-12,randy25,^bKBgIXL,Steven,Guerra,Benjamin
1346213695,1979-01-05,stephanie28,Y&Dfp7nh,Denise,Mccarty,Douglas
1341893333,2000-03-24,wwoods,OE02K8sA,Ernest,Turner,Lori
1466556889,1977-07-18,raymond37,lrBNn!iM,Pamela,Smith,Jesus
1086398930,1965-10-20,xtyler,4vGeVllD,Debra,Thomas,Dean
1197347857,1970-10-11,rkerr,7oazPtix,Carlos,Mcclure,N/A
1350283767,1959-11-27,cynthia09,iaZjOFAj,Jessica,Cook,Claudia
1709736711,1973-12-06,lcollier,juWI5nNu,Chris,Reyes,N/A
1409113920,1986-03-14,alexander99,$i6Ad*mj,Ryan,Morgan,William
1975246468,2001-05-03,ljimenez,PPBrmnFS,William,Villa,Joshua
1477735162,1965-05-25,norman45,4PJo0ESS,Robert,Lawson,Janice
1140306269,1995-07-07,alexandererickson,d#vq!dvO,Amber,Thomas,Valerie
1305958391,1978-03-15,sarahall,XqhK6Ris,Russell,Perez,N/A
1279184443,1968-01-18,james73,PjvV@T0$,Terri,Vasquez,Deanna
1011467719,1972-08-21,conniehull,^icSK6j0,Tonya,Massey,Tracy
1685620445,1957-07-07,david09,58WkRzkH,Yolanda,Murray,Andrew
1759854846,1961-08-07,darrylallen,XChXibX6,Vanessa,Price,Chad
1535610920,1967-08-05,robert16,LMaSuR42,Tracey,Johnson,Richard
1534318778,1974-03-18,colleen30,D1Yt#TpI,Pamela,Bond,Tyler
1899085743,1979-01-02,sabrinareynolds,EHilRnTc,Jessica,Kim,Melissa
1709187526,1959-01-04,jennifer24,4joey@al,Chelsea,Martinez,N/A
1181014596,2006-09-13,mlee,Z6y^2H*T,Michelle,Lane,Cameron
1184586718,1962-02-24,heather85,H%K!ott!,Taylor,Nixon,N/A
1379757936,1960-08-13,ashley93,GmS7*8sM,Jessica,Collins,N/A
1353279703,1982-01-07,danielcarlson,RYMY6HEH,Crystal,Smith,N/A
1953826012,1988-06-02,johnnykline,Lwb5*2tu,Shelby,Salazar,N/A
1416436141,1956-06-25,ashleypayne,L06g672&,Michele,Gonzalez,Diane
1365171812,1973-12-27,rjohnson,!&bRwEE9,Dillon,Long,Daniel
1853577446,1980-01-09,kellypham,HnactjIS,Steven,Owens,Paula
1895222707,1964-09-11,suttonchristy,K97kiEqk,Luis,Price,Jocelyn
1391560087,1986-02-17,rochakyle,1$wBA%9q,John,Williams,Susan
1586321279,1986-04-22,patriciale,$Yzd5tF!,Derrick,Stewart,Thomas
1773956931,1971-05-09,jessicaandrews,eQQLMaG0,Sydney,Jackson,Steven
1353292227,1988-08-29,pjohnson,3Nq1WAQr,Ronald,Cantu,N/A
1854834513,1971-04-06,kristinsimpson,mqmKL9@v,Shelley,Taylor,N/A
1627411524,1998-12-13,barnettjoseph,^Wt6&eP%,Andre,Brown,Cheryl
1049450586,1963-03-27,wmoyer,50BHHPEh,Donna,Stout,Nicole
1631404882,1992-05-18,singhsamuel,c3$TZ6Xj,Karen,Rose,N/A
1040322855,1990-12-19,jennifer95,g0cN%!TN,Erin,Benson,Jason
1325098809,1958-07-22,albertyoung,vKuxlBs*,Brian,Blair,Jennifer
1524207394,1983-08-27,rbrown,5F8xRALU,Colleen,Fisher,Dawn
1747098210,1978-05-15,markholland,mU!bpuWr,Roberto,Reyes,Guy
1778533965,1962-09-03,jonathan24,m3zQI*fZ,Matthew,Wagner,Stephanie
1486885569,1956-01-14,laura32,uyUzO9%!,Amanda,Carr,Eric
1292244153,1974-12-26,jasonmarshall,RLqumHiY,Larry,Daniels,N/A
1942177921,1972-04-04,alexander13,Tby52fQR,Kelli,Gilbert,William
1177859654,1966-07-30,williamsjoseph,scw4Fo*o,Christina,Brady,Anna
1722882387,2000-04-29,crystalpierce,5s3m@0#Y,Tammy,Williams,Heather
1535011322,1991-03-27,davisrachel,e5T6xTVC,Alan,Rogers,N/A
1023207565,2004-11-04,michaeljackson,TSO#r94c,Lauren,Smith,N/A
1180705896,1989-09-17,hernandezchristopher,B9ScnaL&,Lisa,Smith,N/A
1310082528,2003-12-22,harperdavid,PYAP9s7W,Vanessa,Jensen,N/A
1684882352,1972-11-14,phamjennifer,DnfdMLsE,Chad,Morgan,Deborah
1207283904,1963-06-17,hartlawrence,pCbTH*&L,Edward,Collins,Margaret
1209101911,1964-10-30,travisquinn,fzm0@ehd,Darryl,Gilbert,Nathaniel
1270563610,2006-01-29,edwardskristy,MuMCRR3m,Kathy,Willis,Jean
1555893028,1960-05-25,martineznicole,HqUgiNOh,Susan,Collins,Amanda
1515513874,1970-04-02,george48,qz%z4nqf,Lisa,Bowen,N/A
1283294010,2005-07-27,barrerabrittany,pnazL7Pe,Kelli,Powell,N/A
1253651928,1957-03-19,racheltran,RpmV*B$6,Brady,Tapia,Rebecca
1688825411,1998-05-16,aferguson,j7ICUhqG,Joel,Barry,Jared
1894516391,1973-10-19,harrellnicholas,3q9LPleR,Charlene,White,Michael
1194939499,1968-12-31,rebecca19,6YI3mnEX,Charles,Lewis,Justin
1766500466,1967-05-27,mitchell31,DTARtcy^,Alexander,Hernandez,Kyle
1952459506,1966-03-23,carlsondavid,ggGU@N4#,Larry,Schmidt,Dale
1102713067,1994-08-27,lauraroberts,r0y4Kqu0,Jesse,Welch,Joshua
1668359372,1986-01-26,rgraham,tq1IecT2,Erik,Sharp,Lauren
1149418223,1979-08-18,kimberlycabrera,&02gjt&I,Daniel,Simmons,Robert
1270167214,2007-06-23,garrettgraham,^O@8eo4r,April,Murray,Abigail
1987269219,1988-03-13,steven76,n7ku3oVc,Jacob,King,N/A
1595550460,1967-01-02,ndudley,mLTbKdt&,Erica,Frey,James
1717261108,1997-11-04,hurleychad,m6%tHPid,Dylan,Malone,Dawn
1595789758,1978-08-13,brianhansen,K3IuWA%$,Kimberly,Cook,Patricia
1260777937,2005-06-01,dnguyen,@LmPS9hY,Mario,Soto,Martha
1472578604,1970-05-18,andrewnewton,Dt9vbvOJ,Pamela,Harvey,Chelsea
1274696549,1976-12-12,laura38,*%WA6Rek,Donald,Combs,Anna
1650922892,1959-07-12,dlewis,pX8D!Pzq,Charles,Anderson,N/A
1760367717,1971-05-07,davidroberts,ZWk&su54,Derek,Evans,John
1232806678,1972-04-30,heathtiffany,gqP#Yo6E,Tyler,Pope,Richard
1388656326,2002-04-06,tbates,Ola7s!0B,Phillip,Zuniga,Joseph
1437941261,1997-07-30,karen38,2ztnnVTr,Mary,Wall,Connor
1095730711,1956-01-04,emorgan,FEAPJSv5,Kathryn,Santana,Nicole
1613230254,1977-12-28,jeremy36,wtI^j8tj,Mary,Green,Andrea
1923705190,1999-06-14,currymichael,vNXD%4wB,Hannah,Ryan,N/A
1280342689,1980-04-07,ericjohnson,Qj2!RibY,Michelle,Gray,N/A
1489982040,1970-03-14,veronica28,nLdOUAQn,Patricia,Smith,Vanessa
1056367391,1981-12-11,erica01,ZK&R%H!L,Stephanie,Edwards,Kurt
1361386200,2006-12-17,hoffmanlauren,PFN^J$C3,Elijah,James,Julia
1798155003,2005-03-19,christopherfrey,rz2eChIo,Gilbert,Hunt,Kathryn
1882147017,1978-11-25,xsuarez,CcYbDmT0,Amber,Espinoza,Jessica
1464180617,1997-04-03,hwilson,2wCT45cH,Joseph,Flores,Julian
1364349125,1987-02-17,edwardthomas,BHzy86Rl,Tracy,Lucas,Joanne
1633333933,1986-03-12,ihatfield,0ovATj4d,Steven,Stevenson,N/A
1188712435,1991-05-17,diazvictor,jHoJ11dQ,Jamie,Dorsey,Mark
1266522493,1993-02-03,zsutton,ffnBgRL4,Jose,Garcia,N/A
1692179845,1982-02-28,mark76,O%yU9$l!,Melissa,Gonzalez,Roger
1238567046,2002-02-09,gibsonfrances,w*euKMIC,Nicholas,Weber,Joseph
1513719144,1995-06-02,karen14,PMTToeO1,Lisa,Campbell,N/A
1418732739,1973-12-31,mary95,zy6LAvvF,Jessica,Grant,N/A
1646152181,1983-11-25,lesterrachel,6Qq$V7As,Kristy,Fry,James
1352361444,1998-01-16,samantha93,a1Sp#hC!,Michelle,Miller,N/A
1811528016,1992-02-05,angela69,OihE&&@4,Leonard,Sheppard,N/A
1897023628,1974-03-21,hestercarolyn,8mZSSP1e,Megan,Mccarthy,N/A
1252631970,1987-07-04,oparker,vm9eO2Vr,Dennis,Hogan,Sarah
1328898661,1968-06-26,tlee,1t!Me$TW,Brian,Bishop,Julie
1876491183,1970-06-05,andrea92,cckv4MHk,Michael,Hill,Ronnie
1962819630,1964-01-17,vcarney,#Rk5feqg,Ryan,Howell,Catherine
1055389825,1968-05-16,michaelanelson,G8tVt&5&,Megan,Davis,N/A
1616484601,1962-11-06,fsmith,6j&7m^Rj,Robert,Ward,Desiree
1683212031,1984-09-30,uwise,zwDROZ5f,Timothy,Olsen,N/A
1593861436,1974-04-19,middletonbradley,T!xcHRoO,Jessica,Waller,N/A
1658975645,1991-09-04,garymorse,9HNG%atq,Matthew,Mcintyre,Helen
1120757896,1958-01-29,maria34,O$5nfJN2,Ryan,Hester,N/A
1117997052,1976-02-21,christine00,qa*&Mr@r,Ryan,Moreno,Anthony
1158536625,1955-01-22,ashley86,B&6LNW*F,Rebekah,Williams,Elizabeth
1976076897,1991-01-31,margaretmoore,5SdiHkrX,Lori,Miller,Jeffrey
1392625865,1996-12-13,bwoods,p2E22ex&,Gabriel,Alexander,N/A
1162480827,1985-01-04,cheryl64,6q@cVhmn,Christine,French,Raymond
1584883790,1991-11-01,paynejohn,E%mxCbcE,Anne,Williams,Sarah
1032900804,1958-11-27,stephencarpenter,6v*h*L7O,Caitlin,Sanchez,Justin
1822157665,1973-12-23,frankzachary,UzutOJOc,Katherine,Jackson,David
1326394194,1957-11-21,yjohnson,XixvpC0y,Andrew,Chapman,Jean
1390499489,1957-12-12,jthompson,B&Ir1k3V,Jason,Mcintosh,Jay
1947759654,1975-01-19,howellkatherine,softHimK,Cameron,Johnson,Daniel
1237538344,1968-11-21,michael79,8iCI!lq4,Melissa,Craig,Maurice
1996638868,1970-03-15,heathersmith,ZEpp&Y!^,Travis,Miller,Shannon
1378725392,1963-02-15,robertsmaria,7h0ANvho,Kimberly,Hodges,Shannon
1894945070,1994-11-19,taylordavid,lx!IAngZ,Jason,Ewing,N/A
1261858260,1964-06-17,ricardo00,%@Gj8*D2,Manuel,Arnold,Jeffrey
1774551641,1995-04-12,andrehall,PV%Y^o9Z,Adam,Peterson,N/A
1751187460,1987-03-09,renee94,&J7Lr7Vf,Brett,Joseph,Monique
1822087123,1974-05-25,kevin06,*6u5ZXha,Diane,Norman,Garrett
1584956715,1990-08-20,tmalone,tXEzlTxE,Courtney,Preston,Joseph
1813997095,1962-05-26,camposana,Kr4ccCpb,Marie,Logan,Evan
1044365141,2006-08-28,patelrobert,&qQnU%go,Maria,Bartlett,Roy
1748206773,1986-10-21,saundersjasmin,4!X3m#t&,Amber,Wilson,Lisa
1391014484,1972-12-10,murraycarmen,xh9T@khk,Allison,Jones,Adam
1725474919,1986-03-31,edward32,oOg$ooUS,Michael,Curtis,Richard
1284431719,1967-03-13,aguilardonald,@o*elqNi,Samantha,Curry,Mark
1371468525,1969-02-28,arnoldheidi,d$j8A@kH,Katelyn,Espinoza,N/A
1746432415,1985-08-29,david15,FDyVkqv6,Brandon,Kelly,N/A
1518445648,1973-09-07,mcculloughspencer,w$^jU4IG,Lori,Parsons,Randall
1795111626,2005-04-13,awilliams,g7E8N65B,Jeff,Patterson,N/A
1302452481,2007-07-30,toddchristopher,h&BzpE6z,Nicole,Bentley,Kevin
1928396687,1978-01-27,plopez,dkS8xkwE,Jill,Frazier,N/A
1955945701,1973-02-26,tuckerbradley,x*lWy4dR,Carly,Massey,Lisa
1372884130,1993-06-11,zanderson,pkn$RfVC,Desiree,Foster,Cheryl
1947848717,2001-11-28,jenniferwilcox,3o%LA*o@,Jo,Russell,N/A
1649001274,1996-04-27,nklein,uWa$rlSy,Vicki,Murillo,Samuel
1958087758,1996-05-02,turnerbrendan,Y!%1fwT4,Miguel,Hess,Christopher
1115608652,1991-11-11,avilarebecca,xOSlSLz!,Antonio,Phillips,Andrew
1099807537,1973-09-23,qfitzgerald,PU9Rump3,Austin,Taylor,Kaylee
1511750197,1991-01-19,ryan39,X^7aKXIo,Nicole,Wheeler,Kim
1068491638,1998-02-15,hollandangel,vO#BxM!B,Tiffany,Rodriguez,N/A
1762474545,1981-02-01,darlene67,0h$0%@%L,Karen,Wright,N/A
1719670537,1967-05-20,thomasmarquez,7A4U#2FO,Erik,Conner,Shane
1131292006,1993-09-25,davidmack,BZqiFG7O,Elizabeth,Bennett,Tracey
1959497007,1957-09-27,ilove,SGXr6E0w,William,Rodriguez,N/A
1080968039,1959-01-23,john55,ENKQDlhl,Bianca,Smith,N/A
1501006035,1983-06-08,stephen80,W5dPnSKn,Cody,Bryan,Daniel
1417887412,2007-01-07,matthew03,S8qcX%ln,Mikayla,Yu,John
1878882996,1956-01-10,harringtoneric,@rn4Kn5y,James,Camacho,Jose
1576597405,2002-07-08,oroberts,vC%Ml2Tu,Jonathan,Cole,Jeffery
1128598864,1986-11-09,johnsonsamantha,wc^J8yxj,Samantha,Young,Tina
1137399086,1984-10-06,virginiaandrews,#vInRLnD,Phillip,Kaufman,Bryan
1839008603,1977-03-06,gwendolynmartin,hWLqjDIy,Amanda,Bowen,Justin
1165255992,1984-01-04,sean62,uQCrKBJ9,Eric,Reese,N/A
1510452453,2001-09-24,zlee,hqTZjBy8,Shaun,Williams,Shannon
1459356190,1967-05-17,smithrussell,run!Lsl@,Patrick,Robinson,Lauren
1737805020,1998-10-29,stevenmyers,0#HSJYC2,Dawn,Schaefer,Virginia
1224695313,1955-07-08,dominic42,m6Nf*xm2,Pam,Anthony,N/A
1513098784,1997-03-07,vedwards,^f@8Lb^Y,Tiffany,Meadows,Christina
1432583643,1992-08-05,bruceshepherd,s4&cqvUp,Aaron,Frank,Timothy
1679258786,1962-03-26,jimenezjames,I66z7rue,Jason,Potter,Paul
1096274395,1976-07-06,wrightjames,v3KpTJFx,Kristi,Johnson,N/A
1113305575,1981-08-09,lschmidt,Oyo4NMo9,Lisa,Grant,Kerry
1395078887,1979-02-10,zacharyallen,va#5eWq6,Valerie,Collins,Tina
1869741785,1972-09-14,smithjason,#wg@kTzi,Jennifer,Douglas,Kristin
1872656453,1979-12-20,zmartin,6ab#OQj9,Juan,Tran,Paige
1585716616,1962-06-09,vlarson,2S84T^7a,Erik,Miller,Deborah
1360055500,1973-11-23,nelsonjulia,ftiTnVN6,Brandy,Weaver,Michael
1775614818,1964-03-06,patrickwilliams,SPB8Vb38,Calvin,Ashley,N/A
1780358632,1993-03-29,asmith,74QGx6Hz,Jason,Smith,N/A
1479219759,1988-09-29,kwright,sKvTvRiq,Samuel,George,Melanie
1614814301,1962-05-08,dawnjones,Kxa7pjQe,Alexandra,Harris,Karen
1546383110,1990-04-15,alexgriffin,!fz2Kbo3,Daniel,Moore,N/A
1526908390,1979-05-05,maciaslisa,OZWhuZm0,Francis,Moss,Dawn
1351778914,1987-10-27,davidcisneros,hjycbqV1,Norman,Anderson,N/A
1403956273,2007-01-25,lramos,mT&sMR7F,Andrea,Singleton,Debra
1655638615,1975-08-23,eevans,6muaSsxB,Jason,Boyd,Jennifer
1898349405,1984-10-28,wweeks,V92u2i*j,Joseph,Rojas,Matthew
1123654012,1973-11-16,lukemorgan,DwzzuIhv,Michele,Miller,N/A
1177186128,1956-05-20,sheila86,7srxevzY,Philip,King,Abigail
1577992834,1965-07-10,pereznicole,kPrD!9Zp,Nicole,Romero,Brooke
1519510573,2004-10-03,davidberg,dG1F27oa,Jessica,Carter,Nicholas
1898615799,1987-10-01,lperry,swVW4N7D,Sandra,Valencia,Joseph
1513200941,1963-08-22,powerssandra,kIA%#vOa,Tyler,Alvarez,Tanner
1292415124,1965-07-29,lopezkimberly,Sa0abeoS,Sara,Morton,N/A
1462543451,1992-01-14,morganhayes,NVc8Xiab,David,Smith,Brent
1347393558,1996-05-02,hfisher,PHmuj75J,Nicole,Durham,Ruth
1499380100,1968-05-02,mandyalexander,aqZL5j62,Brian,Woods,Annette
1225757674,1970-02-02,nwright,3*jwf68Z,Stephanie,Bryant,Jordan
1367748909,1981-10-05,ericpeterson,nG7bW0e!,Erica,Steele,Karen
1000962793,1959-08-14,rshaw,Tep%wOCp,Martin,Morton,N/A
1996870002,2000-11-15,kristinehart,#$2WY8%m,Justin,Dawson,Karen
1650960702,1993-09-27,wilcoxjames,DUb2kf*n,Crystal,Allen,Donna
1812984139,1980-03-28,william95,m7gUx!t!,Darren,Boyd,N/A
1553013884,1999-05-16,dphillips,3LNBsWVb,Joseph,Lamb,Russell
1034072632,2001-08-11,pcummings,PMY*kdHk,Gary,Young,Patricia
1050831870,1993-05-18,waltercarter,lRx@7Mn0,Joyce,Martinez,Michael
1667196319,1973-09-16,francotimothy,uOi7o3lb,Stephen,Wolfe,Jamie
1993844572,1973-06-16,amybrock,8INXal11,Jonathan,Mack,Audrey
1093495540,1965-12-01,daniellevaldez,@N9U29vd,Laura,Scott,N/A
1001263160,1986-09-10,yodererica,iTAZpbYd,Matthew,Tucker,N/A
1230919493,1961-01-07,curtisnathan,QWdesLdW,Arthur,Holmes,N/A
1532466866,1963-07-05,benjaminbell,EY^8wmC0,David,Hamilton,Chad
1027600727,1995-01-10,grossvincent,2hvdJAo$,James,Parker,Michael
1914559456,1997-11-17,ehays,QwFh6qqj,Victoria,Moore,N/A
1480946127,1999-10-20,pamhernandez,YMTlKrXj,Joann,Rogers,N/A
1674958975,1999-03-11,ramirezmatthew,nxMvX*zV,Sean,Young,N/A
1126970595,1955-05-23,joshua36,IR17^gdS,Stacey,Taylor,Aaron
1928951321,1967-04-10,zgreen,OcRRKfVL,Adam,Weaver,N/A
1103618648,1966-03-05,mccallsarah,ymB0M!Yn,Willie,Santiago,Jose
1369303812,1986-08-21,michael40,MxhS4Y$B,Ian,Reynolds,Dana
1891611223,1962-01-21,nancyschmidt,*yBudorD,Jesse,Oneal,David
1043879716,1963-03-11,tlarson,r3bL$@cY,Thomas,Morris,Matthew
1635594430,1962-07-19,howardalicia,E8etSXRT,David,Summers,Kyle
1679755967,1998-07-07,belinda26,Um*%Jfeu,Kimberly,Stewart,Heather
1356111145,1993-12-04,larsentimothy,@%IN^o5f,Ricky,Davis,Matthew
1817633103,1969-08-29,stevenwest,D#XrnUp!,Theodore,Morris,N/A
1695494121,2000-12-02,zking,%CgoZteL,Kristen,Estes,Robert
1621486336,1979-05-25,dbarnes,6dbuofi#,Kaitlin,Ramos,Fernando
1699952063,1999-03-13,uhernandez,mKJ9&$Z7,Samuel,Jackson,Jeffery
1258920606,1962-09-07,mcooper,C@qO10ND,John,Crawford,Dylan
1303621946,1987-02-11,christinagreen,$0mHYC3C,Christina,Johnson,Debra
1276639501,1974-09-20,calvinharris,qSL8i9Hi,Elizabeth,Fuentes,N/A
1044094192,1981-09-21,dbarker,QuZl0WKU,Nancy,Armstrong,N/A
1339006051,1996-02-05,carolbarron,JJgd1%7B,Lawrence,Webb,Samuel
1681171986,1976-09-20,john93,D63V34to,Victoria,Johnson,Sarah
1615089059,1993-02-02,phillipskaren,D!8Gb#bl,Victor,Moore,Brianna
1435939159,1956-03-03,matthew79,!QTZ6^4z,Tammy,Smith,Michael
1465278525,1999-07-24,lthompson,nzuM6rR#,Charles,Morgan,N/A
1619308143,1969-06-27,gonzalezcraig,zlJG!@u7,Mike,Burnett,Brooke
1547055537,1983-09-13,clarksteven,NMR2u!YF,Lisa,Mitchell,Lisa
1039335883,1981-02-24,markjefferson,oZ7F^aNP,Anthony,Daniel,David
1272714505,1962-07-31,housebecky,7zerH%jj,Angela,Larson,N/A
1628087506,1976-04-20,padillaamber,Sa3*6qfR,Dillon,Jones,N/A
1279494516,1979-06-24,hartkelly,7qMHH2vo,Willie,Griffin,Brandon
1665525455,1992-11-07,joel70,Y0U*2ht3,Cassandra,Rice,Dylan
1298943523,1977-03-17,boydnicholas,LaaKk1%#,Jessica,Davenport,Daniel
1041229483,2005-08-09,blopez,H@5M^mN2,Kayla,Lucero,N/A
1310315062,1982-03-02,hollyjones,ajsfQQmi,Austin,Cohen,Anna
1263414261,1978-12-06,alice60,BLp^e9MD,Rebecca,Rodriguez,N/A
1866874998,1967-04-25,thomasabbott,rrB&38b7,Jennifer,Moon,Kathryn
1568767738,1955-02-02,walkersarah,sf63Epmr,Derek,Santiago,Gina
1736983621,1988-08-06,cynthiawilliams,2%9a3WhZ,Jillian,Hays,N/A
1067923842,1991-05-18,karen76,MR@p!vPx,Charles,Hanson,Robert
1094090018,2002-12-16,wmercer,rtfuCibE,Eric,Nguyen,N/A
1666910971,1999-03-14,michael20,H63E$CH#,William,Harris,Jason
1148775459,1992-12-21,cgreen,oet8d6mP,Tammy,Roberson,Paul
1436879510,1986-12-20,fatkins,raEsO@%v,Jerry,Fitzpatrick,Taylor
1819785287,1958-06-11,grobinson,C9q781ZA,Shelley,Hernandez,Jason
1582110037,1987-06-10,nancydowns,kt*0E@ki,Christy,Davis,Michael
1019466683,1997-06-12,mark08,35I%vWIi,Stacie,Harrell,Courtney
1136409556,1957-11-11,derrick46,$jq%pP$I,Laurie,Johnson,Danielle
1036079235,1981-06-10,brownjordan,oVWdv1xr,Brandon,Ramirez,N/A
1228771071,1972-07-17,jamie85,OnVjP!Jr,Briana,Campbell,Michael
1687592828,1979-06-30,mitchell08,&5m&b34r,Jesse,Ortiz,N/A
1327264393,1962-05-27,craig62,mSaRBhmb,Ann,Lucas,Elizabeth
1988448192,1992-02-10,christinaryan,a46A8RZ%,Alexis,Mitchell,Kendra
1148229473,1969-11-01,sonyabrown,CuWHTpy@,Francisco,Maldonado,James
1367241168,2000-06-09,gchavez,72cTeDcG,Ronald,Dean,James
1773051095,1956-10-12,mrios,AU15^wpW,Courtney,Brady,N/A
1435843029,1972-05-02,thomasalvarez,!d@YfwEO,Tony,Vargas,N/A
1761561373,1989-07-20,susan04,b1rsLBmf,Linda,Contreras,N/A
1214531494,1969-04-27,lauren00,6J&#v3b!,Adam,White,Katherine
1935241747,1958-08-04,kevinperez,6BozV03j,Rachel,Fernandez,Joseph
1005576960,1968-07-01,davidhall,R&!ro5Pa,Laura,Peterson,Nicholas
1263506862,1957-09-04,anthony50,rcPC$G^^,Lisa,Copeland,Robert
1241749403,1957-03-07,taramaldonado,As6BQCaM,Zachary,Martinez,Terri
1027814322,1966-04-24,jodinguyen,ZvNS5tYm,Andre,Lopez,Kristen
1505237836,1987-01-27,cmoore,oM3e5Tuj,Michelle,Nelson,Ryan
1886256804,1982-01-19,melanie67,hpo0s0&O,William,Herring,N/A
1801644772,1958-01-18,sanchezcaleb,XgM@W1kj,Morgan,Yu,Brianna
1110337543,1985-01-04,robertponce,&N4tFydN,Kathryn,Mcdowell,Barbara
1901458229,1984-01-14,cookdonna,sp%upJ8w,Phillip,Nelson,N/A
1310791970,1992-08-31,lsingh,q!sZdKMV,Julie,Shepherd,Christopher
1628092506,1991-07-03,olsonmelissa,TxnSNHI6,Mary,Kelly,Cynthia
1705634550,1960-05-15,rmurphy,T6#M2VAe,Michael,Tate,Sophia
1642255036,1997-09-13,tmcdaniel,FI8OezPg,Stephen,Huff,N/A
1309632630,1980-09-19,brich,zz6W5!Mj,Shelly,Watson,N/A
1743497067,1983-06-21,melissa91,d3nVdOxJ,David,Phillips,Jose
1293237108,1974-06-18,mark80,BakYeYIR,Christina,Perez,Brian
1303859879,1957-12-15,david12,XQDY*X$0,Jennifer,Martinez,John
1327178282,1955-01-25,usilva,wyS44E5g,Lori,Jackson,Rebecca
1523858900,2002-09-13,nhansen,qCo%llvV,Gregory,Wilson,Joseph
1106392526,1957-01-12,hulladam,DEmt98Th,Anthony,Hall,Christian
1701423212,1990-05-11,westrada,A8xIYL7v,Angela,Estrada,Katherine
1122351764,1985-01-28,rodriguezgrace,M1qXjPm3,Ryan,Walls,N/A
1238350507,1991-06-06,cgarza,s%NdQ2b!,Amber,Garcia,Samuel
1150094238,1961-01-19,ewhitehead,r1XOu17A,Martin,Daniels,N/A
1598897982,1990-02-15,brewermarilyn,RuTNZzj#,Diane,Gonzalez,N/A
1494940940,1999-04-18,ygray,hoXXH^%&,Dillon,Callahan,Veronica
1546413173,1988-10-17,kevin66,At@16u51,David,Parker,Jamie
1125757306,1956-03-25,shafferarthur,euXj7*1@,Courtney,Garcia,N/A
1457198273,2003-11-10,kathyjordan,4T@PjM$g,Jamie,Kennedy,Rachael
1367909246,1998-01-08,bakermelissa,*zWgE8SI,Yvonne,Adams,Mark
1717202897,2002-11-20,lmeyer,S&*R$ZY8,Curtis,West,N/A
1296589897,1986-11-29,ashley08,!cM47lXR,Ronald,Graham,Diana
1399958829,1964-09-08,thomasschultz,d1*!kxJ5,Xavier,Martin,Jocelyn
1373812934,2005-04-11,cjohnson,6gk!1MGG,Melissa,Stephens,Nicole
1937586501,2007-03-18,zharris,nGBrGKZi,James,Barton,Jared
1238785855,1989-10-02,shawn20,5gmgCO&2,Bryan,Smith,Jordan
1923785864,1975-12-28,vwilliamson,PpA0mw4o,Daniel,Villanueva,Brittany
1050967661,2001-09-11,josephcunningham,kYW7^E2b,Sean,Rodriguez,Tamara
1818650680,1981-02-25,egarcia,&@ANsBh%,Erica,Saunders,N/A
1218952581,1981-11-02,bryanhenderson,0bCAHosd,Madison,Evans,Dylan
1533244813,1975-11-12,jason01,kasfoC0e,Nathan,Davis,N/A
1229307876,1991-09-04,lauriearmstrong,@NQqQS0y,Hannah,Miller,N/A
1549595651,1966-06-29,kristinbarber,BixGYXyB,Don,Riggs,N/A
1171658544,1990-02-25,charlescummings,T!BjazEy,David,Smith,N/A
1516045442,1958-02-27,rherrera,SJjcvIiK,Carrie,Peterson,Michael
1559369369,1999-02-13,jacqueline18,AD!4iaXT,Anthony,Thomas,Crystal
1520810048,1981-12-25,smithalyssa,FWWVaWmx,Cindy,Gill,Melissa
1664587773,1968-01-17,nancyweaver,b0jvszUt,Ian,Gillespie,N/A
1254669760,1955-06-19,marksantos,Vl%Q@L3x,Kyle,Lucero,Kirk
1047914240,1974-04-08,bpena,%F%Vj!&^,Cheryl,Simon,Courtney
1459135299,1980-02-02,riverajennifer,%twpNfwL,Michael,Davis,Ronald
1521404760,1974-09-03,rosselizabeth,CcXZiRbl,Tonya,Dawson,Keith
1801241401,1985-10-14,woodardanne,WaPyuotb,Natalie,Brady,N/A
1415186619,1993-05-20,hudsonvictor,EZ^&KAIW,Cynthia,Young,N/A
1054184630,1986-05-07,robin73,KZzgok1N,Jennifer,Evans,Joseph
1156780562,2002-02-26,ulopez,EDYHLcJg,Kelly,Lewis,Jennifer
1791066087,1980-03-12,susan31,H1cTB7VN,Teresa,Snow,Melissa
1443431778,1977-11-29,erikajackson,jgWZ4d&u,Zachary,Atkinson,Trevor
1558996867,1979-05-18,evansmelissa,vcX39QQe,Ashley,Thompson,N/A
1232297110,1977-04-16,dana66,Hld&Heiw,Ashley,Oconnor,James
1841666330,1990-05-31,patricia38,NhKo7CgT,Kathryn,Hubbard,Meredith
1228177468,1966-12-08,dwilliams,4o@gaeOq,Gail,Kim,Allison
1845382589,1973-11-07,annawarren,DVPEbasU,Elizabeth,Delgado,N/A
1521153943,1980-06-04,renee91,Q*sBb^J2,Brianna,Warner,Edward
1310273919,1961-03-06,qduran,NC8P*EUR,Dana,Webster,Benjamin
1073543425,1994-01-26,mike99,lqLIFhKm,Ryan,Norris,Valerie
1248437543,1999-02-15,danaharrison,89hmu92X,Jacob,Spencer,Tyler
1723661836,1958-03-28,rebecca29,hL1GaIt7,Deborah,Hanson,Raymond
1308164183,1969-07-14,johnstonamber,#Vy6V30g,Janice,Hull,Justin
1507951463,1977-08-25,kingjames,TZ*Bnqvk,David,Mills,Linda
1980599750,1976-03-25,cgordon,RUs%%U^I,Nicholas,Caldwell,N/A
1845052879,1964-01-13,cindy49,kUW^uCWj,John,Thompson,N/A
1878232945,1963-04-01,vincentpeterson,j7b!&qNz,Katie,Cox,Cynthia
1362940816,2002-08-12,anthony13,x70HPAWe,Tina,Grant,N/A
1352926992,1990-07-16,marywalker,sX6MYlFh,Amanda,Martin,Rachel
1228805838,1987-06-11,shepherdandrea,VldInyZ7,Janet,Stevens,Louis
1271407531,1985-03-09,nataliewest,2V7JVJZT,Brittney,Le,Shane
1551099414,2007-08-02,ecampbell,*KNmVY&t,Alex,Alexander,Wanda
1452705951,1969-01-26,bmoreno,pZb*PeE2,Melissa,Tanner,Elizabeth
1163494629,2002-05-04,kristinsmith,n7W0Mj3K,Christina,Taylor,Robert
1729336326,1975-09-29,jsolis,gOTEJBRV,Lisa,Grant,Corey
1307217073,1964-08-12,ncooper,uqwY0dxY,Roger,Aguilar,Joseph
1421820701,1995-12-15,shepparddeborah,^k8Di!ik,Heather,Hudson,Brian
1889604941,1973-04-23,msanchez,UIDYEGGZ,Jose,Sanchez,Tracey
1716287035,1971-01-12,patriciarodriguez,byB^52rW,Kyle,Cox,N/A
1809215648,1973-08-18,ypeterson,%JpzsLC!,James,Medina,Angela
1339145962,1991-11-16,nathanielreese,8TJcE7wu,Amy,Meyer,Katherine
1430082875,2000-07-22,stephanie68,e7akHjeP,David,Fox,Richard
1474275359,1993-01-23,wchang,S%&lwi30,Steven,Christensen,N/A
1546195310,2002-02-16,kelly10,ODjz#K6z,Danielle,Alvarez,Stacy
1182229942,1976-01-28,edwardsnicholas,2Ik&^jxZ,Thomas,Cortez,Alex
1771424788,2005-09-16,jenkinserin,Gx%Ym5po,Robert,Holt,Daniel
1257034834,1979-11-18,karen27,Bd%K38Ao,Johnny,Castaneda,Zachary
1915791585,1956-06-26,michellenorris,N7TBb@&O,Justin,Coleman,N/A
1348907540,1970-03-08,shermanlevi,OHQt4j$4,Kevin,Bates,N/A
1037028037,1985-04-27,justin30,0k^taR!&,Kelsey,Miller,Yvonne
1563216738,1996-08-04,adam57,ztUlox*1,Katie,Hahn,Mark
1734530346,1983-09-01,shorttaylor,yk^cALP$,Christopher,Fischer,Bobby
1688508018,1957-06-18,katie30,zJCRNxJB,Rickey,Garcia,Ashley
1315441522,1992-05-09,deborah27,CfvC*M&$,Grant,Dickson,Christina
1573504388,1988-08-28,vcox,CrwGDhR6,John,Wright,Joseph
1651963864,2001-08-17,nmarquez,GG6knE!I,Allison,Davis,N/A
1848695448,1976-10-09,martinmichele,a5J6NcBu,Patricia,Moody,Samantha
1126639078,1993-06-15,knightmorgan,3cV!Yc5G,Ryan,Mullen,Jamie
1900086013,1961-09-23,gina39,A97kR5ZJ,Jennifer,Woods,Donald
1924258195,1980-04-15,davisbenjamin,nnOQ6$gq,Scott,Raymond,Ana
1215421987,1969-11-09,kjones,NYD$#Cvy,Scott,Bradley,Kevin
1498736508,1964-09-22,edward21,bkUz3kku,Robert,Leonard,N/A
1239077881,1985-04-27,tamara09,GH#w7W9s,Jeremy,Stone,Paul
1526412226,2007-02-18,garzamatthew,#9wj8!fD,Andrew,Lane,Shari
1307614552,1991-02-03,woodarddavid,tNFWgo@F,Lisa,Williams,N/A
1814843085,1956-07-31,hector24,@3qrez%3,Laura,Hernandez,Shawn
1179126605,1964-06-20,jessicacolon,j*5T$6xK,Jose,Baldwin,Lisa
1345381213,1966-03-26,elawrence,ZxvqGdac,Kyle,Stevens,Joyce
1514362737,1995-07-31,parkerjared,jM3TK$a#,Betty,Yu,N/A
1643823634,2004-04-16,anna90,ca8dosg1,Timothy,Barnett,Johnny
1739275556,1957-06-14,lesliebryant,nEZ72#hT,Gregory,Green,Juan
1289505937,2005-03-22,ramirezdavid,q%U^0H7f,Karen,Robinson,Emily
1282984362,1978-12-30,owright,i#ASi8#s,Erin,Norton,Travis
1721103604,1959-06-17,ruizbriana,5aFOJqW&,Brittany,Bailey,Jacqueline
1133907020,1977-11-11,pottertrevor,*m6y7R$@,Jordan,Silva,Charles
1694790146,1991-03-29,juanjohnson,zz1mEeT#,Jacob,Cox,Kaitlin
1208275789,1973-10-21,mwagner,w3E5tBO$,Cindy,Carlson,Todd
1822647425,1980-12-26,coleerica,q1z#qQoQ,Rhonda,Lee,Michelle
1780031495,1956-03-12,uhall,G1n$SOSo,Gloria,Morrow,N/A
1558491941,1965-08-26,christina71,Fixv#b61,Michelle,Gutierrez,N/A
1451942910,1998-06-25,ashleyharris,NV35z$xL,Pamela,Nunez,N/A
1961556035,1972-05-10,deanadams,Keh&&2xN,Robert,Mendoza,N/A
1464566007,1991-03-27,bshaffer,WCAul&e9,Joseph,Shelton,Jackson
1116351861,1957-03-22,theresa66,8TcIo@Mk,James,Sanders,Travis
1929306711,1989-01-23,schneiderchristina,@^a%xRej,David,Wells,Nathan
1119254509,1973-01-01,higginsjimmy,P9y7yGK9,Monica,Smith,Amy
1193663419,1962-09-29,blackdebra,BDDpWj%Y,Ronald,Brown,Mike
1892170625,2000-11-27,williamscalvin,wH*CwnKb,Blake,Dalton,Harry
1869203273,1962-07-12,carlmcguire,qbpwzzI1,John,Meza,Carol
1718409260,1971-05-07,aspencer,dhH9EC!u,Gary,Bullock,Amber
1367145792,1993-03-12,etaylor,J248%6K9,Lindsey,Payne,Darren
1926724062,1976-11-15,srose,kP^h@I#p,Benjamin,Scott,Mary
1486787189,1977-04-17,richardobrien,@ww@xcIf,Gerald,Walters,N/A
1067706371,1956-10-25,kferguson,bjEY7S81,Daniel,Floyd,Elizabeth
1249522619,1957-11-15,tfry,4N17GGaU,Francisco,Martinez,Amy
1566331137,1976-07-25,alan85,crLWf997,Douglas,Hall,Tina
1231933869,2002-11-28,matthewwoods,nomKywf&,Dustin,Ray,Deborah
1803120822,2001-08-18,sullivanmichael,uyONlzeC,Lisa,Davis,Jason
1702820690,1981-03-18,shannon03,ZmfvQiTp,Danny,Bauer,N/A
1779082503,1955-06-15,fjohnson,u&KCEzBK,Emily,Mendez,N/A
1455208918,1974-09-13,jamesrobbins,jmkCtCxi,Steven,Nichols,Dylan
1222635317,1961-06-26,jacobpope,NIMwz9$B,Sarah,Cole,April
1494479626,1990-04-11,uestrada,2koYbND9,Kendra,Blake,Cathy
1094580906,1984-08-02,nathaniel73,mT*We3u$,Nicholas,Duke,N/A
1847785338,1986-03-29,scottheath,rOhcodHr,Marie,Powers,Eric
1352643419,2005-11-13,michaelyoung,jVF$zGCJ,Jill,Gardner,N/A
1080772627,1971-09-01,larrysmall,BvLi5%*i,Joshua,Lamb,N/A
1678287281,2005-08-12,ecain,#c@%Fy7S,Troy,Chase,Melanie
1163953296,2001-11-18,daviddowns,1Drm##*V,Amanda,Pierce,Angela
1972879130,1997-11-17,lisa75,1^o3UOGb,Richard,Hicks,N/A
1167088477,2003-01-10,wagneraustin,DMKm^Z9e,Emily,Roberts,Amy
1907333524,1999-04-08,tyler29,y0KiwJ!A,Daniel,Long,N/A
1583156337,1979-10-21,bfields,$Z8FsRs1,Steve,Duke,Charles
1115117337,1997-08-02,fballard,LP21PIQ7,Lee,Nelson,N/A
1722082891,1971-04-30,stewartchristopher,9cduTR!r,Ricky,Alexander,N/A
1580428633,1958-01-17,vernonharper,dBz0LoGe,Ashley,Thomas,N/A
1841648797,1964-11-02,michaelswanson,EPfiEGWW,Carrie,Perkins,N/A
1402398865,1997-04-21,jessicafowler,Jq9Ppt!U,Robert,Jones,N/A
1592736611,1996-05-14,khernandez,K$vGrAlH,Stacey,Pierce,April
1115390196,2001-08-07,rogerschristina,eO1@vE6x,Tracy,Woods,N/A
1435995798,1965-09-17,allisonfernandez,&S8NbXl2,Eric,Andrews,Linda
1710679668,2004-01-16,jennifer34,oyW4mLKF,Rachel,Lewis,Chelsea
1056899001,1971-07-24,thomas12,2SL0dJ!x,Kelly,Page,Samantha
1835958721,1970-01-25,jenkinstodd,^lf6@jAH,Phillip,Fitzgerald,Michele
1988527958,2007-05-28,perrygerald,cq&GN6Lx,Albert,Vega,N/A
1177691816,1973-09-09,ttaylor,BAH%P3B5,Jacob,Smith,N/A
1678335463,1963-09-23,yprice,6TKJleL!,Edward,Kelly,Philip
1701834739,1976-09-25,dcortez,cVpnP3AJ,Brianna,Bauer,N/A
1680634676,1966-09-06,smithbridget,Vv6iMhhk,Jeffery,Scott,N/A
1019599206,2005-07-19,james39,CHA4CH94,Melissa,Torres,N/A
1858257819,1987-07-03,robinsonbrooke,Dc0U2MbQ,Valerie,Carter,N/A
1138460049,2000-03-27,brucelori,YS6ZM8M@,Joseph,Jackson,Jeffrey
1509400007,1974-11-13,kstewart,ABzk2jXK,Kimberly,Schwartz,N/A
1407142324,1955-01-21,cooperkimberly,wvUhJJBX,Mary,Montoya,Craig
1354777399,1979-03-24,stephenmaldonado,k6tC%xhm,Steven,Cole,N/A
1169909181,2000-02-26,williammelton,x%swjgwy,Nicole,Bradley,Justin
1652493434,1982-12-28,srussell,m^lcjA%2,Joshua,Terrell,Julie
1754861861,1976-02-02,josephcallahan,c4aX0G3O,Sherry,Robinson,Heidi
1256241635,1979-05-14,kruegervirginia,n9I!uCJz,Dennis,Warren,Jacqueline
1069473355,1963-11-07,morrisconnie,zVUAoUNk,Wendy,Johnson,Michele
1055287946,1967-02-28,hardinleonard,3WxZh@u^,Michael,Stafford,N/A
1667477541,1986-02-18,johnbennett,EbJ0n^G@,Jason,Townsend,Barbara
1281325133,1979-02-18,erasmussen,e&qzQG*h,Spencer,Hobbs,Jeremy
1703196173,1965-02-22,shafferashley,ZAF1QKUj,Thomas,King,Amy
1839421756,1978-07-29,eric81,uBl&@405,Paul,Foster,Lindsey
1956302454,1988-03-23,margaret58,K&5J5Zsr,Eric,Kelley,Crystal
1479155952,1986-01-17,phamrobert,QqmB2@WX,Megan,Fields,Lynn
1782330665,1972-02-26,collinsdonna,UG5xdIHf,Kiara,Lopez,N/A
1127006800,1991-05-16,fhaynes,bcwoa6%W,Jennifer,Kelly,Martin
1519480298,1995-02-11,lisa60,GKDZ3pHN,Jeremy,Goodman,Stephanie
1265587838,1979-07-25,nathanflores,N*dhQDZD,Christopher,Foster,N/A
1262504787,2003-07-07,james68,nShWbB%M,Lawrence,Davis,Carol
1445357699,1966-08-02,sclark,9hsh6Avu,Clifford,Serrano,Chelsey
1140855393,2000-07-11,avilajackson,tH#cp4ZB,Yolanda,Arnold,Kathryn
1145052309,1984-06-29,phernandez,j@YahwaU,Michael,Garza,Isaac
1326843920,1965-08-08,stephaniehorton,voiH3q26,Kimberly,Johnson,Randall
1716473969,1975-04-11,theresakelly,ok*fhmEL,Lisa,Ware,Victoria
1898328078,1963-04-20,katrina00,uwe#DGMl,Rebecca,Hickman,Damon
1142728234,1967-06-25,daniellelewis,kweJ5IHK,Derrick,Gonzalez,Christine
1483161297,1992-01-24,jessicacollier,k*g$56@d,Kristen,Gutierrez,Victoria
1491053351,1982-03-23,lglenn,aRyF*7u^,Frank,Rose,Diana
1081484249,1986-09-05,qmoran,h!CZSAec,Amber,Scott,Pamela
1777487517,2003-04-13,john31,fdEkGBX8,Linda,Rich,Ryan
1869316126,1962-04-09,james05,vChar0ec,Shelly,Ramirez,N/A
1944858421,1955-07-27,thomaskatelyn,Y#4cpBwV,Natalie,Jones,David
1684364542,1980-04-28,ebony96,piYJ%fv1,Daniel,Wood,Emily
1342350774,1959-10-24,millertyler,7MaB789&,Sarah,Jones,N/A
1827437548,2000-08-14,schultzbrianna,8PUO4$%j,Scott,Farmer,Carl
1692757195,1994-11-03,brianthompson,Ar2KQ3#Y,Nathan,White,James
1869676753,1961-05-16,inoble,A9nN29OO,Leslie,Christensen,Lindsay
1550594341,1987-05-23,christopher49,$3gUtd4I,Amanda,Pitts,Karen
1788770621,1978-07-26,rmartinez,ekS*nLH4,Christopher,Rios,N/A
1855109226,1956-09-18,gibsonbenjamin,JLmFkXXC,Brandy,Jefferson,N/A
1816890571,1972-08-14,marshallstephen,jalECwiS,Raymond,Garza,Ryan
1263842091,2001-06-12,larry05,xkf4MG&U,Jennifer,Lambert,Angela
1994890460,1957-12-19,ggardner,BO7zyeO6,Charles,Banks,N/A
1266112888,1963-04-17,beth81,aMBOZVx5,John,Chang,N/A
1974816183,1995-04-21,amyholloway,mc9jQH2a,Stacy,Keller,N/A
1271015966,1967-07-12,smorgan,bRBT!&c1,Julie,Burke,Ann
1199155717,1996-03-25,feliciajames,ww4fbNiW,Jamie,Alvarez,N/A
1727785249,1985-03-23,carrollsarah,e#nkn@bA,Craig,Nguyen,Peter
1934204573,1975-12-18,richard52,Y38aD3D7,Peggy,Phillips,Wendy
1588731916,1990-09-20,ithomas,*$f7oTDg,Isaac,Nicholson,Lacey
1643081419,1968-06-16,michelle63,8$8jam9Y,Brandi,Sanford,N/A
1398938888,2001-09-27,hmorse,^f%n0PCv,Scott,Pace,Steven
1083844071,1981-10-08,john45,t&tsi^Dz,Johnny,Clarke,Adam
1930105584,2002-10-22,belindacoleman,tvqCvWoP,Patricia,Zuniga,Kyle
1078272847,1959-10-25,youngnicholas,2Wsa8YQS,Ruth,George,Taylor
1533005480,1995-12-29,cassidy96,CvvpG510,Kelly,Smith,Kristopher
1343755223,2001-06-08,nparks,MsxNKCQe,Anna,Reyes,N/A
1585586233,1971-05-29,oalexander,63Glw4E&,Kayla,Vazquez,N/A
1056281832,1998-12-13,milesrebecca,eGlIA*Te,Robert,Vasquez,Stephanie
1686713551,2001-08-26,gharris,@QGr!*kH,Ryan,Duncan,Brandon
1979566094,1960-03-19,ufarrell,&Li2gJfV,Brendan,Jackson,Michael
1844106054,1990-11-08,prodriguez,Yi&m@u9E,Robin,Fisher,Madison
1844668637,1960-03-22,gjones,cUVSdQfo,Shelly,Steele,Diana
1275719805,1990-10-12,kevingrant,1Dm$wB3@,James,Smith,Eric
1779013235,1963-11-09,samuelweaver,K7EGZ7RP,Timothy,Wheeler,Jennifer
1804719492,1959-04-13,nicholaswise,we6^y6Tc,Katherine,Burke,N/A
1615874718,1989-04-04,richwayne,lEr7UEZ1,Christopher,Moore,Chloe
1358258607,1996-04-20,bonillabenjamin,Y!s!Yu#U,Derek,Livingston,Paul
1918055225,1983-09-28,zmartin,vI@huBFO,Jennifer,Thomas,Taylor
1018077355,2007-03-27,bmason,jyDv*OpP,Morgan,Wilson,Jessica
1105986682,2000-10-07,grivera,Jq$oyeO5,Jeffrey,Baker,Dorothy
1475842126,1962-11-19,johnnyscott,B^cwHsT5,Ryan,Frederick,N/A
1538363065,1985-11-10,haasbrian,E5CM@YAm,Chad,Young,Gloria
1532984473,1981-04-29,kimberly27,H6XPMq4u,Angela,Smith,Brian
1091082734,1993-09-18,davidhood,5Ev$5bEF,Sean,Carr,Corey
1606123219,1987-08-12,meyeraustin,Pfg6h7z#,Justin,Perry,Michelle
1965853841,1970-12-21,tsparks,K%KihicB,Jim,Rojas,Nicole
1823092426,1997-10-08,weberjames,L73*#fBi,Jesus,Dean,N/A
1616619456,1980-07-24,mariah58,#wysmQ!O,Sarah,Conner,Eduardo
1567881598,1986-07-16,ericgarcia,1oU*k*^H,Elizabeth,Hendrix,Anthony
1595635841,1985-09-22,pkirk,#@cBav2X,Annette,Marshall,Kathy
1667057909,2005-09-01,murphylisa,ngzgLEwF,Kathleen,Evans,Sandra
1434767823,1958-01-23,iaustin,Rd*H8Yq5,Darrell,James,Chad
1959715311,1963-08-30,pmorgan,0Zf$1OLq,Lisa,Reed,N/A
1295606594,1981-10-19,gabrielcisneros,1v1nP8GL,Cathy,Edwards,Christine
1774264710,1974-12-22,amoreno,X1tEOEQe,Dominic,Lyons,Christopher
1495934010,1994-10-06,kimberly74,YcL6o8@q,Rachel,Malone,Nicholas
1321247417,1991-10-31,wgarcia,9c&mcr*T,Rodney,Summers,Desiree
1315420659,1967-09-11,jessicadunn,7IRQ5TlZ,Sabrina,Murphy,Nicholas
1601858602,1970-06-23,desireeadams,DwhA^^rB,Jonathan,Mueller,N/A
1627647794,1994-07-14,stacybarr,K1rSqqcE,Steven,Davis,N/A
1328441337,1995-02-26,smithstephen,kzleY4E7,Alison,Lyons,Gregory
1634944081,1988-09-11,hmiller,u9Ga*@Sv,Laura,Adams,Jonathan
1202720849,1963-10-24,uwood,l2WUEs35,Kim,Wang,Bobby
1543788851,1997-06-07,davidyoung,Kc2K%vG1,Jennifer,Mitchell,Anthony
1717509459,1957-12-19,nolanchristine,47AHQs!c,Michelle,Brown,Samantha
1714842029,1982-07-14,crossmichael,sfY3oDtT,Daniel,Trevino,N/A
1895538901,1997-12-09,rpierce,#jm*p%uY,Jennifer,Underwood,N/A
1915586492,1986-11-18,danielle95,!H&2CHW^,Colleen,Alvarez,Victor
1037021552,1963-09-20,petersenjimmy,msjQO8t$,Christine,Fields,N/A
1354593307,1972-03-31,jorgebradford,$wy18J4i,Ethan,Phillips,N/A
1913119060,2003-10-31,gwilson,69PMl&UX,Kristen,Lopez,Clifford
1345402805,1975-08-14,mmclaughlin,LJ@e6Tep,Brianna,Wright,N/A
1814957477,1989-09-21,coxmichael,s@UuMZoX,Thomas,Garcia,N/A
1250889447,1987-03-23,hooverjessica,^%vx$pkg,Kyle,Stephenson,N/A
1386585264,1987-08-07,woodsbarry,QrY*GdkA,Wendy,Guerrero,Don
1160988809,1957-08-18,kim75,lWOmoBpi,Kenneth,Henderson,Anthony
1383045860,1968-09-06,xwilson,YcuuyBX@,Larry,James,Christopher
1805705788,1969-03-02,jessica81,h00y6eVv,Joseph,Suarez,Samuel
1532053643,2007-03-08,richard80,iXxB4AkT,Michael,Vazquez,Martin
1030263163,2003-01-19,sanderson,YFQXwkFW,James,Smith,Mary
1209328937,1999-05-07,pateldenise,RhbntHEb,Ellen,Ramirez,Holly
1698947113,1998-06-04,susanwilliams,8mb@sLc@,George,Bond,Randy
1959026424,1966-02-05,aaron48,lbt2pmsL,Susan,Larson,Ryan
1893619975,1966-07-26,rebecca53,qf&iKbPu,Ashley,White,Cynthia
1876400797,1959-08-20,aholt,r6Qo&7uh,Adam,Moreno,James
1031505876,2007-04-29,jacksonkimberly,SoFKBT$W,Robert,Young,Amber
1188149655,1974-02-01,hallmatthew,hYJ%6TJC,Sydney,Brown,Regina
1191791645,2005-01-15,bortiz,&feZAryu,Christine,Murphy,Maria
1561265338,1991-09-17,lauren85,hmcLiFKW,Perry,Stewart,N/A
1909953609,1967-05-22,hwade,z5LHynqd,Kara,Estes,Charles
1205119623,1971-05-08,ariel55,IfilSRmI,Jack,Garza,Christopher
1894549990,1982-08-06,deannachan,&!YQ9yvk,Kristin,Rollins,N/A
1003319824,1995-01-18,georgejohns,5F%!*ns2,Jennifer,Fleming,N/A
1049807725,1980-07-12,randallharper,2zD&D2bo,John,Miller,Pamela
1373172197,1975-01-29,myerskayla,saT&P5Ni,Chad,Lee,Melissa
1600762132,1975-11-19,johnnyfinley,bzZgKIRn,Michael,Woods,Connie
1427145504,1989-08-19,mitchell69,2aG$uU*v,Madison,Fields,N/A
1467509677,1983-01-07,bradley19,rs53ieU3,Jennifer,Price,N/A
1711117359,1978-05-23,michael82,f42LXARN,Lisa,Torres,N/A
1769360880,1983-02-10,johnnygarcia,avvZQ3O6,Michael,Brewer,N/A
1891936697,1969-10-10,kennethbaxter,!Ne7s5XE,Meghan,Molina,Steven
1701347348,2006-03-16,jessicamcintosh,h67QN%ET,Taylor,Edwards,N/A
1629715988,2003-09-21,lutzbrandy,m$TLF*r7,David,Wheeler,Sherri
1292100585,1999-10-17,ortizsteven,@3e$eFbi,David,Clark,N/A
1943872287,1985-07-22,dominguezdiane,dlB!pcmT,Anthony,Jensen,Eric
1429849083,1957-08-20,xmoore,ktx9XhQa,Jessica,Harris,Dillon
1592325765,1960-04-28,jennifer36,Cb#hT6Md,Deanna,Morgan,N/A
1126698548,2005-07-31,megan51,cd7Wm14T,Scott,Mendoza,Darren
1433846074,2006-06-13,tony12,xAnrB5Vj,Jessica,Sanders,Crystal
1338845787,1978-10-06,howardcharles,KSZNogBs,Steven,Williams,N/A
1976179688,1972-11-16,tracy26,ryZaESca,James,Pittman,N/A
1779196801,1957-08-26,joshua04,o0H%Fc@N,Debbie,Garcia,N/A
1967342937,1971-09-24,htate,tgElMMZA,Alexander,Sherman,N/A
1870006940,1963-02-26,warrenmarc,VE@#82FO,Ruben,Tran,Timothy
1488735989,1975-08-31,matthew21,kt9W*ll2,Joshua,Lopez,N/A
1983425982,1982-09-27,mariaeaton,DNcCTraG,Laurie,Morgan,Anita
1375938082,1969-09-14,daykristen,2^%JuSUG,Veronica,Khan,Brian
1136465024,1993-12-01,xalexander,VniBV^%i,Steven,Davis,Anthony
1669035396,1975-01-24,mendozamichael,E3iZKNKD,Bryan,Leblanc,N/A
1051737124,1982-10-03,ftorres,C!th91Um,Daniel,Hubbard,Amy
1553976715,1981-08-17,margaret90,ZsALPuOr,William,Heath,Victor
1915395464,1981-01-15,tdeleon,!lTDttI0,Eddie,Stevens,N/A
1284750552,1956-04-17,petersmith,PWu0sLMK,Tom,Taylor,Monique
1855765532,1995-06-25,whitejennifer,a0imNAQb,Zachary,Mooney,Lisa
1210007656,1959-12-07,holmeskim,l0WYDFuR,Nicholas,Adkins,Kendra
1191538661,1988-06-04,tinaburton,NxWU&Tma,Angela,Carter,Kimberly
1055241749,1979-02-06,harrisrebekah,$afKd7Fi,Vanessa,Benjamin,Summer
1201187969,2003-12-18,butleraustin,4*TA%j^1,Jerry,Davila,N/A
1032335473,1999-12-24,gbarber,rWludT^E,Melinda,Reeves,N/A
1769224193,1987-04-13,robinhayes,ULsKv$mF,Justin,Lang,Andrea
1382831028,1967-08-08,jellis,sl1eg89o,Adam,Cardenas,N/A
1519125588,1955-11-08,xcasey,bDzuv7*2,Nathan,Reynolds,Darryl
1628122507,1961-04-18,kimberly72,qC3vosu#,Monica,Thomas,N/A
1459619983,1974-09-24,nbaker,uTS7VKq0,Joseph,Banks,N/A
1808164087,1967-07-23,tnunez,uxkw&fWg,Veronica,Wood,David
1012997734,1963-05-04,joehernandez,Cj2VwQeR,Daniel,Stephens,Autumn
1142456804,1998-10-07,kathleenstewart,152%JQtc,Sonya,Bautista,N/A
1205830939,2001-07-22,christinareyes,Dqj$hGuO,Chelsea,Sanders,Cheryl
1590379903,1969-03-31,lopezdaniel,Phj9sUjs,Brittany,Ware,Kathy
1473012269,1968-01-16,teresaward,^TeVE5$H,Stephen,Johnson,Anthony
1992627868,1995-08-20,wdavis,qnBPD#hi,Robert,Lewis,N/A
1561312412,2001-11-07,jwilkinson,eODMROhs,Janet,Allen,N/A
1227206151,1981-11-25,lesteranthony,Nr&2F&D0,Jack,Hughes,Jessica
1020826629,1956-01-28,brownamy,ka9c6U57,Abigail,Perkins,N/A
1540786720,1986-01-16,michael09,y%q$WL5U,James,Stewart,N/A
1288372226,1965-08-02,dnguyen,E8khPep#,Jose,Henderson,Dylan
1925782340,1970-01-03,megankelly,uACUMCD&,Andrew,Hood,Catherine
1072604255,2006-07-06,hmeyers,Q5l$tkpD,Travis,Turner,Sheila
1211742553,2004-11-08,thomasdanny,vJZxnzLn,Steven,Vazquez,Kathryn
1279159852,1996-03-20,salazarwilliam,QIrdxUD#,Amber,Shaw,John
1402083314,1980-02-10,ulong,vCXMQYmZ,Brian,Munoz,N/A
1399463370,1967-08-03,roger42,BlLLvqmT,Holly,Stevens,Christopher
1744903360,1967-11-20,veronicaochoa,&k!fyTiM,Keith,Stevens,N/A
1255443685,1969-01-10,parkerhannah,UAn2M!3m,Bobby,Johnson,William
1843307386,1971-04-06,nataliepeters,2fNbdDX^,Mark,Brown,N/A
1631429239,1968-11-05,alexandranovak,%GEoKJ!C,Jose,Thomas,N/A
1814955371,1960-12-19,kimberly83,nKn@40OV,Kyle,Miller,Whitney
1454597691,1994-11-12,yvette58,8ARtAYFB,Denise,Richards,N/A
1839053910,1975-05-15,michael03,tguu9COM,Rhonda,Marshall,Gina
1982571814,1966-11-25,ldavis,@GN3A0eE,Renee,Shah,Hannah
1224376903,1984-11-17,melissamartinez,rDrI6!u0,Jon,Wilson,Cory
1232228529,1982-03-08,ashley88,@G&e74#r,Jon,Schroeder,William
1885872118,1992-03-20,kathleen44,c7ot7a6&,Shaun,Thompson,Jerry
1408302071,1964-07-31,jonathanyoung,HgWWci#D,Michelle,Hicks,Leslie
1851282027,1959-12-19,ngates,KrRNEwoM,Jesse,Willis,Stephen
1271477746,1968-11-17,johnsonann,N1@iX&Cq,Jared,Yu,N/A
1948660259,2006-05-31,lauren75,MCOx4XbN,Brent,Daniels,Nicholas
1873355030,1993-04-07,ygreen,aNZ&wATr,Jeremy,Roth,Samuel
1541711231,1997-08-03,gonzalesdustin,b!*AjYgV,Paul,Pineda,Jeffrey
1842458034,1980-02-09,vanessapollard,Qe4mlTGL,Juan,Holland,Michael
1626880205,2003-04-30,lloydkevin,TfCC0CDC,Christopher,Harris,Erik
1463070120,1998-11-15,xrubio,4H!h6PQn,Daniel,Eaton,Bethany
1070774009,1984-05-17,sallen,DiP9jy3G,Alexandra,Barajas,N/A
1586034164,1986-04-03,royrichard,wqR67UpB,Sarah,Shaw,Sean
1341914215,1974-07-16,angela37,Lfi8e5ga,Jacob,Gonzalez,Brian
1833667656,1963-03-05,deanna48,jzjFYCih,Amanda,Mcbride,Matthew
1218809284,1956-05-12,xhunter,8j@H&r%^,Anna,Martin,N/A
1636345348,1978-05-11,qmosley,&f49dp5O,Anita,Medina,N/A
1461356594,1969-07-28,danielwilliams,ZWOnEB@1,Gary,Taylor,N/A
1437289567,1996-11-26,garciamichael,f9J2Uj87,Jennifer,Rodriguez,N/A
1958123980,1995-10-15,hamptonkatherine,4ibo%chq,Ernest,Vasquez,Christopher
1617087139,1981-05-10,egomez,sR%^4lFn,Lauren,Brooks,Timothy
1302414209,1977-06-02,aaronmiller,B9hQcAwq,Matthew,Williams,N/A
1605354368,2004-05-18,stanley34,AZ6jLNFN,Chase,Willis,Austin
1276744804,2006-05-19,cohenbrian,aM#zO!l7,Ronald,Navarro,Ashley
1292459095,1965-11-06,murphyjennifer,@1QRC^Vu,Allison,Ross,N/A
1817434258,1987-02-24,vbutler,QJ5woyWU,Erica,Conley,N/A
1510783618,2001-06-30,natashaharris,BSIHT9Fh,Thomas,Little,Joseph
1303708888,1994-09-16,katherine66,3k*4Th&x,Jacob,Evans,N/A
1611731793,1973-09-10,davismackenzie,PqId$HTo,Crystal,Clark,Thomas
1912513619,1956-12-23,isullivan,2NMfLzl4,Todd,Steele,Amy
1923150427,1978-10-12,dominguezkatrina,!y35lTXS,Michael,Lambert,N/A
1649730845,1964-07-31,tranwendy,LnFYCvRA,Shirley,Jackson,N/A
1889191114,1973-11-16,batesbrian,$QxiJ$7m,Maria,Flores,Rebecca
1183388699,2005-12-05,millercarolyn,C4@$fTz9,Matthew,Crawford,Karl
1586942332,1983-04-17,kyle18,vZ2#DTB5,James,Watson,Richard
1444013766,1969-01-28,johnsoncarl,^#ifDhJW,Melissa,Bailey,Gregory
1621461198,1985-03-01,villegaseric,X^8eKTRW,Gina,Hicks,Jason
1117201726,1974-04-02,hunternatalie,b@5wNeu&,Justin,Ruiz,Savannah
1647666792,1972-05-25,morrisbrent,1sFLu!PE,Christopher,Vaughn,Paul
1010324242,1975-05-11,cwells,mN@02HXC,Michelle,Davis,Jonathan
1877076607,1958-07-05,elizabethnelson,^QxBydB^,Jacqueline,Cohen,Kenneth
1996834557,1967-08-09,diamond96,#2jt**V2,Erica,Romero,Deborah
1275664407,1979-11-11,ricky88,NpWbnUR@,Andrew,Clarke,N/A
1826009697,1967-08-16,xjones,sz!JiwJ0,Micheal,Gardner,Sara
1854402930,1956-04-06,porterlisa,CLnQu3DH,Isaac,Adams,N/A
1144868100,1974-07-09,dkemp,SdC@CNU!,Madison,Villarreal,Christopher
1817750570,1955-03-12,danielryan,lLCvFPHp,Sandra,Lawson,Ronald
1379769553,1992-03-08,briannameyers,zi0Mnvgm,Erik,Garrett,Donna
1022026177,1971-12-07,taylorchristopher,^Y0U9aju,Christina,Douglas,Robert
1233224420,1991-02-06,bridget29,NY&koaw#,Alexandra,Howe,Cheryl
1400196926,1970-04-01,cindy46,gH@Bz%*L,Kimberly,Underwood,N/A
1424246291,1996-01-25,ygriffith,O@GbI#T7,Lisa,Stanton,Kenneth
1065594524,1966-09-29,edwardkennedy,*CGHszz8,Sarah,Davis,Shawn
1491678979,1980-07-06,stacey66,DjbwZUd3,Gregory,Leonard,Richard
1166234447,1985-10-12,kbrooks,@SQ3usiw,James,Reyes,N/A
1529693625,1962-07-27,paulamiller,6vEk%4*R,Taylor,Page,N/A
1042764604,1989-12-23,fletchermatthew,59o8zc*p,Teresa,Lee,N/A
1454400230,1994-03-21,lross,5WNjJ!mx,Deanna,Vaughn,Kimberly
1704624545,1992-07-30,priscillachristian,luHbaq0d,Andrea,Zuniga,N/A
1415999439,2002-07-10,matthew92,&4fwOW9V,Logan,Green,Jason
1252167759,1970-09-01,stevenbrown,nFdyswE1,Karen,Garner,Janice
1621164839,1963-03-21,qdalton,Dwu0$wmn,Jerry,Cole,N/A
1203311188,1977-06-11,wgreen,%w73Wuwa,Alyssa,Davis,Tracy
1475765477,1963-08-22,tanyasims,7*26BEN&,Raymond,Caldwell,Brandon
1066827044,1990-11-06,churchjeffrey,sR!ym$LK,Gregory,Bentley,Heather
1772390512,1986-04-03,tsanders,rItJfom5,Sharon,Ramirez,N/A
1989199966,1955-06-11,kwright,SxvLK7ef,Alan,Austin,Shawn
1576183744,1957-01-06,thomaselizabeth,j!zUdMfm,Cassandra,Reese,Gregory
1075478711,1965-10-09,oneilljulie,2wORhs^Z,Melissa,Mckinney,Jennifer
1862213009,1964-11-10,afrancis,rX5m7ukj,Sandra,Riddle,Emily
1268264421,1994-05-08,jhebert,HFMb5UTR,Melissa,Taylor,N/A
1015481437,1962-07-28,andrew87,nM5beGZU,Jessica,Novak,Lisa
1147880748,1979-11-26,penaandrew,boN$I$cQ,Adrian,Nguyen,Katherine
1845880735,2001-01-16,mcbrideerin,GWiJ8AmN,John,Robertson,Angela
1438889718,1973-04-23,nmiller,Wmqb2EYo,Tim,Simmons,Daniel
1742068112,1981-06-25,joeali,zud8#KBx,Jamie,Horne,N/A
1276919011,1985-08-04,danielhumphrey,f#AHZ4ev,Paul,Hopkins,Shawn
1212418731,1986-08-27,reynoldsamanda,2hDoCafq,Alyssa,Yang,Linda
1165320334,1986-06-14,grogers,5aEP3JYH,Victor,Taylor,Julie
1708156161,1963-11-16,joseph72,iDDdF9#k,Destiny,Torres,N/A
1631668485,2002-05-21,christopher42,7YT3fu*P,Beth,Brown,Clinton
1637416007,2005-10-08,matthewgarrett,gvbFdFqq,Jeremy,Ferguson,Gregory
1026887357,1986-03-13,raymondwood,NZP2K*5O,Jason,Edwards,Michael
1860361876,1971-01-05,timothy33,Vx9iLcDQ,Justin,Johnson,Adam
1555584925,1977-08-18,nbenson,5RvmW@jo,Bailey,Gonzales,N/A
1078773319,1959-12-26,bcalhoun,*uU&qFYp,Andrew,Prince,N/A
1630996232,1985-06-14,knunez,0peGbGC9,Charles,Baxter,Nicholas
1530484454,1977-09-27,ashleycollins,VD&DHY34,Steven,Rogers,Sarah
1271111037,1969-09-10,rgarcia,UT7nR!n#,Elizabeth,Cox,Melanie
1038412344,1996-11-21,jonesjeffrey,I2o9&uqP,John,Powell,N/A
1872624771,1979-03-12,tuckerlinda,MDqPndjD,Shannon,Molina,Erica
1724299460,1993-08-19,ashley64,b8iSYh8C,Stacy,Edwards,N/A
1842643254,1976-11-15,melissa33,iKY5bAic,Kimberly,Ramirez,Jennifer
1539543137,1963-12-10,michele59,M@d9Nwrp,Lucas,Barrett,Joel
1768276207,1964-09-17,uphillips,s@7%#tmK,Roberto,Mills,Jack
1675724105,1993-06-10,christina79,B0zWmCJT,Emily,Ibarra,N/A
1531650806,1963-04-26,tyler92,IxaWKL*!,Anthony,Wilson,N/A
1927433971,1981-11-22,mhall,RGVwyGh#,Mary,Jones,April
1285724248,1981-12-23,fisherbenjamin,!DnuJnKD,Kimberly,Shannon,Thomas
1793195862,1980-12-12,wwhite,Sf8^dr^8,Debra,Tran,Melody
1370975609,1989-01-06,jeffreyrivera,M&nKmgaW,Nathan,Lee,Melissa
1628084263,1975-07-10,matthew33,D%9Ox9%f,Mary,Lee,N/A
1707231139,2006-08-10,igray,c*mMd@IR,Timothy,Avery,N/A
1985684201,1976-10-29,derekedwards,lkNfKfiE,Karen,Day,Corey
1594661993,1959-05-13,branchemily,d6@xF8j6,Elizabeth,Cooper,Angela
1040309684,2006-03-23,draketheresa,&Owes$A*,Bryan,Johnston,Eric
1914039201,1964-10-31,joseph03,QIQVB8v1,Kendra,Long,Rachel
1269666612,1967-07-17,kristencameron,$Rv%$J!f,Katherine,Roth,N/A
1166552134,1968-02-13,stevensonmichael,@o61@2sb,Patricia,Brown,N/A
1630154206,1958-10-31,wmartin,WV4K9WdE,Emily,Boyd,N/A
1731376724,1969-06-27,xmercado,RL2o4#*x,Ashley,Lee,Gregory
1126368215,1989-04-21,jchung,Bn6aS#iD,Leslie,Cruz,Susan
1914062681,1991-02-02,jasonperry,CiV*Wn4H,Peggy,Smith,N/A
1104764823,1994-02-17,susan19,QBvvlFkO,Mallory,Love,Jose
1107822832,1981-10-27,theodore98,VS$*h38r,Joseph,Short,Courtney
1964556659,2002-01-30,richard90,zh9dcE#N,Amy,Miller,N/A
1681226485,1985-06-19,melissastrickland,p*9Tqf*&,Shawn,Maxwell,Judy
1902301394,2007-08-09,johncollins,r#fO7wgR,Steven,Jacobson,Christopher
1582994008,1989-04-04,ugilbert,Ge0nP6cn,Ann,Gibbs,N/A
1707042562,2000-03-27,scoleman,k!ut3DUn,Allison,Reed,Paige
1564427426,1988-10-11,cbailey,3HcptPS2,Jake,Hall,Deborah
1810351369,1979-01-03,rcaldwell,yKnk1PNh,David,Le,Jenny
1568104398,1961-10-26,taylorbonnie,LCsJces2,Jennifer,Vasquez,Claire
1530872921,1963-08-20,cummingschristopher,80ceP!Tj,Patricia,Gray,Mary
1230482344,1961-05-21,holmesmichael,ApZRVBTB,Ashley,Love,Roberto
1739123186,2007-01-07,hamiltonseth,AbLektz*,Nathan,Schmidt,N/A
1854470949,2007-05-28,tylerhopkins,4vRmFDjS,Peter,Ramos,Wayne
1080574921,1965-10-05,keychristopher,QD7e6@wK,Jennifer,Lin,Dustin
1896129808,1974-10-24,aaron38,EGfsB#b0,Jennifer,Johnson,Brandon
1142001286,1996-11-26,amygreer,Ir7v67xy,Melissa,Palmer,Patty
1285824967,1959-10-16,whitecristina,RLaGLwaK,Michael,Garrett,Robert
1887534235,1959-01-02,tiffanygonzalez,Xd6R*W9b,Matthew,Hale,N/A
1331368426,1996-10-22,parkshannah,iZHuDg2o,Elizabeth,Sutton,N/A
1351562112,1979-05-05,johnestes,IsEzM9xY,Jessica,Torres,Tonya
1381198294,1975-01-31,hoopercassandra,oEHsr^&q,Dakota,Walsh,N/A
1834235895,1979-02-26,toddking,Yw$ZUm0h,Jorge,Wallace,Deborah
1781063307,1965-12-27,cameron36,1^NLpq1K,Kristen,James,Robert
1916857543,1976-05-17,brent92,JEcmDw#p,Ricky,Phillips,N/A
1485602342,1978-12-07,rfigueroa,&qZyh4LW,Jonathan,Hughes,N/A
1258344278,1973-03-18,brianvasquez,M1CKMTMU,Robert,Harmon,Laura
1009692199,1991-05-19,robert20,r^Oa!kvY,Sheri,Rios,Marcus
1379758248,1983-07-25,dustin74,heE89EXC,Sheryl,Smith,Eric
1338202758,1960-10-30,blake79,i#lTn#!j,Jason,Garcia,N/A
1750457356,1975-11-22,james41,gggvts06,Wayne,Ramsey,Joshua
1215720278,2006-05-28,allison79,R0kicmxI,Valerie,Hudson,Carrie
1342016299,1978-05-11,scunningham,jz7HLvoi,Luis,Espinoza,N/A
1768505224,1984-03-19,sanchezdennis,53PZoM6w,Whitney,Grimes,Rebecca
1674271872,1963-05-21,catherinegarcia,4M2zYQ!2,Lisa,Gray,Wanda
1588872438,1984-09-23,hansonjennifer,XdJ6*dg0,Paul,Farley,N/A
1072191014,1982-10-29,zjimenez,!#COR3lO,Donna,Robbins,Matthew
1269091620,2001-05-06,summer09,HhP2fpys,Kevin,Hill,N/A
1270703967,1977-04-01,morrisvicki,w1CPj56C,Olivia,Payne,N/A
