ASUID,enrollmentDate,gradDate,creditsEarned,Major,Minor,GPA
1920275710,2024-03-18,2030-09-03,111,Under,Me,3.15
1340580601,2023-05-21,2024-05-26,23,Significant,Before,3.03
1701322888,2022-10-03,2027-09-20,64,Property,N/A,2.57
1013457763,2025-10-19,2028-10-07,16,Collection,N/A,3.57
1022017127,2022-07-22,2023-05-27,61,Leave,N/A,2.52
1132809582,2023-06-19,2025-03-03,46,Out,N/A,2.25
1309116767,2024-01-13,2027-03-13,36,Already,N/A,3.76
1121582651,2021-11-21,2026-03-08,22,Another,Allow,3.97
1842524563,2023-02-26,2025-12-17,27,Challenge,Both,2.86
1534644354,2022-07-26,2028-02-10,25,Candidate,Laugh,2.68
1472663594,2025-05-15,2029-08-19,76,Chance,N/A,2.06
1947287219,2023-03-24,2026-10-21,122,Prepare,N/A,2.74
1280589391,2025-09-27,2028-04-29,126,Service,N/A,3.48
1746881835,2021-02-08,2027-10-06,32,Statement,Charge,2.74
1405904288,2024-09-17,2029-05-04,46,Author,N/A,3.53
1240024044,2023-02-09,2028-04-04,55,Full,N/A,2.56
1965810421,2022-04-27,2023-01-09,92,So,N/A,3.36
1613477171,2024-05-05,2026-07-09,89,Center,Agree,3.9
1747394756,2023-07-21,2028-02-16,82,Appear,N/A,2.83
1482647691,2023-02-07,2027-09-14,123,Positive,Town,3.25
1943679101,2025-03-25,2030-04-25,82,Cup,Million,3.73
1099551026,2021-10-23,2022-03-05,16,Early,Game,3.4
1686948629,2023-10-08,2027-04-26,25,Ahead,Exist,2.77
1931257019,2023-05-08,2028-04-20,120,Crime,Else,2.18
1568828363,2021-03-14,2027-07-14,37,Voice,N/A,3.4
1939363342,2021-12-14,2028-08-19,37,Church,Together,2.06
1202609917,2024-07-07,2027-08-08,43,Goal,N/A,3.84
1049162329,2022-06-02,2028-02-20,110,Box,N/A,3.74
1851519573,2022-07-31,2029-07-04,81,Phone,Forward,2.27
1109034381,2022-11-12,2024-08-01,2,Relate,Available,3.8
1806054876,2022-08-09,2026-08-14,116,Into,What,2.94
1378589250,2025-02-13,2026-08-10,132,Take,N/A,3.07
1934684736,2025-03-28,2028-09-30,110,Moment,N/A,2.29
1037478604,2023-10-24,2028-06-11,30,Drug,Look,3.18
1294600347,2025-03-08,2025-06-10,13,Among,N/A,2.46
1756586659,2024-04-18,2025-10-25,137,Ok,Perhaps,3.15
1077423275,2025-07-16,2028-09-30,49,Where,School,3.12
1316541024,2025-10-04,2028-09-06,83,Use,N/A,2.57
1600629587,2025-04-27,2028-08-26,30,Them,Beat,2.69
1237824025,2020-10-28,2029-09-01,23,Often,Must,3.97
1989955882,2023-09-26,2024-07-17,26,Any,Prove,3.2
1482162329,2025-02-11,2027-01-08,118,Itself,N/A,3.07
1195174430,2024-07-15,2024-10-30,40,Hot,Enough,3.93
1312604806,2025-06-02,2030-03-03,4,Debate,N/A,3.4
1855333405,2022-11-22,2026-04-01,50,Challenge,N/A,2.85
1817510494,2025-06-28,2029-09-09,70,Thus,News,2.42
1493159585,2022-03-17,2022-05-05,15,Her,N/A,2.22
1446905283,2022-08-23,2027-10-17,47,This,N/A,4.0
1483255169,2023-08-27,2024-02-16,94,Area,Language,2.63
1662565308,2022-10-11,2027-09-27,3,Trial,Relationship,3.14
1164303693,2021-04-26,2022-12-17,34,Father,His,3.45
1414112168,2024-08-28,2026-10-24,135,Success,N/A,3.8
1776757744,2023-10-31,2027-08-30,137,Commercial,N/A,2.66
1361051152,2021-11-02,2027-04-08,132,High,Positive,3.8
1851914615,2021-01-27,2024-09-23,18,System,Very,3.87
1441149898,2024-05-15,2029-10-23,124,Care,Move,3.03
1634108568,2025-04-17,2026-11-07,108,Mother,Behind,2.65
1804666022,2025-04-23,2029-01-15,0,Should,Will,3.46
1051717690,2025-03-24,2028-03-14,116,Home,N/A,2.09
1045729861,2024-10-13,2028-02-05,102,Part,N/A,3.25
1826491762,2024-02-16,2029-01-06,43,Three,N/A,3.41
1062539433,2023-05-30,2023-06-24,80,Green,N/A,2.46
1820031865,2024-08-18,2028-06-17,39,Power,N/A,2.81
1883089590,2023-11-21,2026-11-26,64,Talk,Your,3.8
1832799751,2022-03-28,2025-12-23,54,Your,N/A,2.86
1830586741,2025-04-01,2026-03-14,117,Enjoy,Father,2.28
1041246943,2022-05-17,2030-06-25,113,West,Pattern,3.81
1811561209,2025-08-03,2025-10-26,13,Particular,N/A,3.2
1125831881,2025-05-26,2028-09-30,124,Window,Price,2.51
1882977063,2025-01-31,2030-03-11,119,Source,Those,2.23
1001605084,2023-06-26,2030-03-22,83,Make,Leg,2.21
1687700628,2024-07-15,2025-07-05,97,Resource,Lead,2.42
1262913198,2024-08-18,2029-11-06,52,Me,N/A,3.37
1585177519,2021-05-19,2022-04-23,19,Wide,Part,2.99
1382539002,2023-10-21,2029-07-13,96,Whatever,N/A,2.07
1807103290,2023-12-23,2025-03-10,74,Marriage,Improve,3.11
1004023200,2022-12-14,2028-06-01,27,Check,Law,2.07
1381903879,2024-12-20,2027-12-27,46,Political,N/A,3.28
1790043569,2024-01-10,2027-05-02,119,Kitchen,Including,3.27
1221293190,2024-03-31,2024-07-13,114,Dog,Road,2.88
1408000766,2024-11-03,2027-10-08,45,Happen,N/A,3.3
1046134080,2023-10-03,2023-12-18,114,Finally,N/A,2.15
1422013471,2023-11-06,2028-10-20,17,Begin,Value,2.4
1175217798,2024-11-13,2028-10-29,73,Card,N/A,2.97
1474620145,2021-02-04,2021-07-02,7,Position,Style,2.21
1854065122,2025-03-22,2029-04-01,44,Beat,Class,3.62
1132487092,2023-04-24,2024-06-07,122,Important,Memory,3.2
1406866484,2025-10-13,2029-02-06,130,Base,N/A,2.66
1652896871,2021-05-20,2028-01-22,134,Into,N/A,3.74
1134082754,2025-09-15,2027-02-16,56,Wonder,N/A,2.92
1805425540,2025-10-04,2028-03-09,26,Gun,N/A,3.94
1769661484,2023-04-23,2025-08-25,122,Group,N/A,2.78
1419816316,2021-03-28,2024-05-25,34,Within,N/A,2.47
1321314775,2021-08-25,2028-08-20,32,Campaign,Only,2.58
1531201022,2024-02-09,2028-08-14,134,Run,N/A,2.58
1005129584,2021-02-01,2028-06-25,34,After,Prevent,2.27
1965438119,2025-07-27,2027-07-06,130,Marriage,Evening,2.55
1158845235,2023-09-20,2028-05-11,139,After,Your,3.66
1109403845,2021-12-31,2030-05-16,123,Money,Some,3.09
1741545461,2023-08-07,2024-06-12,109,Sport,N/A,2.9
1388567600,2021-04-19,2025-03-27,84,Sell,Group,2.2
1009234900,2025-10-21,2027-05-10,85,Business,N/A,3.55
1388431384,2021-08-09,2023-12-10,55,Production,N/A,2.69
1516734301,2024-05-02,2029-03-29,40,Yes,Kind,2.89
1206558964,2023-07-12,2027-07-15,1,Goal,N/A,3.94
1311961718,2022-04-25,2023-03-04,87,More,N/A,3.35
1636997020,2023-11-19,2024-08-30,131,Music,Either,2.6
1702471706,2024-01-05,2029-10-02,2,Plan,College,3.97
1425190839,2022-05-14,2023-01-14,3,Itself,N/A,2.06
1390278630,2021-06-05,2027-03-24,30,Hospital,N/A,3.2
1784077512,2024-10-07,2025-07-27,59,List,Before,3.63
1399705684,2024-08-14,2026-10-30,66,Already,N/A,3.59
1919768583,2024-12-02,2030-09-23,31,Customer,N/A,3.37
1171145425,2025-05-01,2026-01-02,109,Dark,Still,2.67
1835725428,2022-02-16,2029-04-29,94,Good,N/A,2.36
1246647269,2022-09-30,2022-11-20,93,Population,N/A,2.39
1480030321,2023-02-04,2026-01-29,67,Future,N/A,3.69
1009439267,2022-08-20,2024-01-09,133,Five,N/A,2.18
1837223258,2022-07-12,2030-08-28,0,Smile,Moment,2.84
1911474872,2021-02-23,2022-04-17,131,Which,N/A,3.35
1085787710,2024-02-12,2027-12-25,19,Of,N/A,3.08
1451974023,2022-06-06,2028-09-25,44,Mr,Group,3.69
1644011772,2025-08-15,2027-06-01,126,Receive,Successful,2.14
1791507869,2025-07-26,2027-10-09,140,Fight,Area,3.85
1912859023,2021-06-18,2030-06-13,41,Yeah,N/A,3.63
1337151295,2023-03-05,2025-12-15,0,Home,N/A,3.97
1938126771,2024-09-03,2024-10-07,53,Set,N/A,3.06
1466224941,2025-09-30,2030-09-29,77,Task,N/A,3.78
1070117488,2022-03-15,2024-12-02,60,Debate,N/A,2.2
1664249816,2025-04-19,2026-05-31,17,Even,Office,2.84
1153225826,2024-10-13,2025-09-10,131,Foreign,Production,3.61
1998382774,2024-09-01,2029-04-14,61,School,Meet,2.14
1443725162,2022-10-04,2025-08-04,56,Today,N/A,2.14
1001658775,2024-09-18,2028-11-11,84,Clear,N/A,3.24
1877496896,2022-08-24,2023-01-19,15,Lose,N/A,3.04
1688348711,2024-11-20,2029-04-04,132,Their,N/A,3.38
1941822355,2024-12-29,2028-02-26,20,Memory,N/A,3.19
1313550271,2021-05-03,2022-03-29,34,Person,Real,2.4
1574190861,2024-08-06,2028-11-23,21,Drug,Agreement,2.16
1100800966,2021-01-05,2023-05-02,56,Civil,N/A,2.8
1932112285,2022-12-04,2023-01-22,60,Language,Cut,3.6
1118891711,2024-12-21,2025-11-20,9,Respond,Explain,2.94
1424222123,2022-11-24,2023-02-02,50,Day,Out,2.39
1451631357,2024-02-07,2028-09-28,131,Check,N/A,3.97
1024437665,2022-01-23,2030-09-09,26,Officer,N/A,3.93
1935790963,2025-05-16,2029-02-03,74,Amount,Morning,3.33
1782635031,2022-10-26,2029-12-30,124,Material,N/A,3.07
1556782227,2022-06-17,2028-06-12,23,Scientist,Issue,2.62
1999098576,2021-09-04,2023-02-05,128,Real,N/A,3.36
1387801982,2022-01-29,2023-01-03,120,Mouth,N/A,2.34
1297273441,2021-09-15,2027-05-13,109,Window,Fill,2.35
1061077116,2024-11-03,2025-12-23,134,South,N/A,2.52
1777769916,2021-03-08,2029-12-26,96,Agency,Fill,3.29
1712280578,2022-11-10,2028-08-13,106,He,But,3.58
1278770000,2021-07-12,2029-01-03,105,Resource,Mrs,2.47
1499551312,2025-10-18,2027-03-13,81,Language,Everyone,3.48
1842320733,2023-05-02,2029-10-06,135,And,N/A,2.81
1246633490,2021-08-28,2027-11-22,135,Need,N/A,3.59
1348152801,2021-06-21,2024-11-14,34,Line,N/A,2.78
1785807720,2022-03-06,2023-05-08,72,Station,N/A,2.35
1604388368,2025-09-22,2025-12-20,29,Live,Kid,2.06
1780078311,2025-04-21,2030-02-02,11,Could,Behavior,2.39
1323742915,2023-05-25,2026-03-15,11,Man,Executive,2.3
1496594210,2023-06-25,2024-08-30,102,Nearly,Beat,2.46
1617822409,2024-10-25,2027-04-18,113,Seven,Paper,2.1
1713195722,2021-10-27,2028-08-25,29,American,Western,2.4
1897767352,2022-05-01,2029-10-28,90,Who,Activity,2.31
1693864426,2025-01-20,2028-12-28,58,Avoid,Early,2.92
1969504159,2025-06-08,2026-06-15,94,Him,Girl,3.67
1185771191,2023-09-29,2028-05-16,127,Friend,Government,3.83
1548551546,2023-10-10,2026-11-16,45,Education,Enough,2.84
1433507545,2021-08-24,2023-09-09,32,Career,Method,2.26
1217150605,2024-04-20,2027-05-21,77,Despite,Or,3.32
1907591570,2023-01-05,2024-01-16,69,Letter,N/A,3.92
1056208563,2022-03-18,2030-01-30,95,Travel,N/A,2.5
1576300267,2024-03-06,2027-09-13,44,In,N/A,3.11
1706098180,2021-06-29,2029-01-14,107,Pressure,Whose,2.76
1401648475,2023-07-26,2029-12-31,22,Message,Line,2.57
1518200632,2025-05-20,2030-05-01,93,Toward,Any,3.38
1043220090,2024-11-14,2025-01-20,50,Number,N/A,3.94
1810280208,2021-03-17,2023-10-27,13,Success,Personal,3.56
1441228913,2021-11-03,2027-11-18,13,Continue,N/A,2.99
1988245744,2023-06-26,2025-06-17,107,Administration,N/A,3.12
1101932413,2022-02-11,2024-07-27,123,If,N/A,3.97
1106133425,2021-03-28,2024-05-10,39,Form,N/A,2.25
1726958738,2023-12-30,2027-01-05,120,Remain,Sister,2.34
1529463433,2022-05-07,2028-07-17,66,Identify,N/A,3.52
1702361569,2022-04-26,2029-06-02,7,Continue,Red,3.94
1913550074,2023-07-10,2029-10-13,16,Radio,N/A,3.84
1217070379,2023-06-05,2029-06-09,66,Vote,N/A,2.52
1375043120,2021-05-28,2029-10-28,105,Body,Kind,3.13
1311804987,2022-10-28,2027-11-22,89,Let,N/A,3.21
1636468024,2025-05-15,2028-07-15,123,Agent,Property,2.04
1456682625,2022-10-23,2027-10-20,28,Degree,N/A,2.88
1076648554,2023-09-11,2024-10-16,61,Visit,Large,3.08
1490171785,2025-04-17,2027-09-24,54,Song,Rise,3.34
1182444578,2025-02-10,2027-07-31,132,Bill,N/A,3.1
1643650260,2024-04-17,2026-04-16,108,Collection,N/A,2.8
1835629714,2022-04-05,2028-02-21,78,Country,N/A,2.02
1190652827,2022-02-21,2024-06-14,23,Better,N/A,2.58
1152318491,2020-12-31,2021-02-21,38,Maybe,Meet,2.8
1346213695,2025-04-01,2029-03-11,75,Lose,Ever,3.38
1341893333,2022-05-11,2024-08-27,115,Team,Box,3.73
1466556889,2025-08-06,2027-10-22,56,Break,N/A,2.08
1086398930,2022-02-15,2023-12-28,95,Course,From,3.38
1197347857,2021-03-10,2021-04-19,15,Provide,N/A,3.91
1350283767,2025-01-24,2029-07-20,0,Final,Rest,2.02
1709736711,2022-05-03,2023-10-13,112,Less,Relationship,3.58
1409113920,2025-10-13,2030-03-19,90,Region,N/A,3.42
1975246468,2025-08-20,2026-12-16,64,Lawyer,Accept,2.31
1477735162,2021-07-06,2026-12-30,67,Deep,N/A,3.85
1140306269,2024-11-29,2025-11-25,88,Consumer,N/A,3.58
1305958391,2024-03-27,2024-08-04,55,Expert,Determine,3.84
1279184443,2020-11-29,2023-02-09,7,Strategy,N/A,2.23
1011467719,2024-09-17,2024-09-27,58,Century,N/A,2.97
1685620445,2025-09-16,2028-08-09,103,Buy,Artist,2.81
1759854846,2022-01-13,2024-09-14,128,Thus,N/A,2.13
1535610920,2022-01-30,2029-07-24,74,Home,N/A,3.36
1534318778,2024-02-20,2026-04-23,39,Kid,N/A,3.21
1899085743,2022-06-09,2023-11-05,122,Note,N/A,2.23
1709187526,2024-12-21,2027-07-08,3,Step,State,2.14
1181014596,2022-12-25,2030-07-31,62,Hard,N/A,3.47
1184586718,2025-02-28,2027-04-12,121,Tree,Claim,2.43
1379757936,2024-04-10,2028-09-29,140,National,N/A,2.71
1353279703,2021-11-07,2024-12-31,93,City,Whose,2.85
1953826012,2021-05-03,2028-08-29,98,Herself,Partner,2.13
1416436141,2024-04-15,2029-02-19,33,Including,N/A,3.48
1365171812,2021-07-10,2028-09-21,32,Notice,Reflect,2.34
1853577446,2025-10-04,2026-11-22,18,Fill,N/A,3.0
1895222707,2024-02-02,2024-11-26,90,Material,N/A,3.46
1391560087,2025-07-06,2027-03-02,81,Top,Instead,2.27
1586321279,2024-07-30,2030-03-15,49,Star,Commercial,2.83
1773956931,2025-10-07,2026-04-27,6,Protect,N/A,3.89
1353292227,2023-04-03,2023-09-13,118,Section,N/A,2.99
1854834513,2022-04-27,2025-07-23,50,Certain,Data,2.76
1627411524,2024-11-13,2029-01-06,19,Everything,Piece,3.75
1049450586,2021-03-01,2023-06-09,42,Choose,Rock,3.91
1631404882,2021-02-10,2023-08-19,36,Perhaps,N/A,2.89
1040322855,2025-01-25,2026-04-04,112,Thank,Society,2.22
1325098809,2025-01-14,2026-05-13,41,Apply,N/A,2.91
1524207394,2025-03-11,2026-10-15,4,Six,N/A,2.06
1747098210,2023-06-06,2024-12-28,3,Draw,N/A,3.69
1778533965,2021-02-17,2029-06-23,23,Four,Right,2.49
1486885569,2023-10-13,2026-03-22,136,Down,Remain,3.73
1292244153,2022-12-25,2027-10-26,116,Book,N/A,2.24
1942177921,2021-08-19,2021-10-18,3,Few,War,2.2
1177859654,2023-10-10,2029-05-21,15,Act,Record,3.92
1722882387,2024-01-11,2024-12-24,66,Message,Organization,3.08
1535011322,2023-11-19,2024-11-24,76,Themselves,N/A,2.75
1023207565,2024-02-10,2027-07-03,68,From,N/A,3.66
1180705896,2022-01-11,2023-02-24,43,City,At,3.55
1310082528,2021-04-16,2028-02-11,94,He,Finally,3.3
1684882352,2023-02-05,2026-03-13,127,Option,Senior,2.45
1207283904,2023-07-01,2028-04-15,23,Daughter,Break,3.48
1209101911,2025-06-17,2027-02-21,132,Politics,N/A,2.23
1270563610,2022-09-07,2026-01-24,123,True,Certain,3.03
1555893028,2022-05-03,2030-10-04,126,Forget,Go,2.46
1515513874,2024-07-05,2024-12-27,40,Bag,Prove,2.1
1283294010,2021-03-13,2030-02-02,50,Focus,N/A,2.84
1253651928,2022-06-06,2025-05-21,25,Word,Across,2.54
1688825411,2024-08-25,2027-07-21,10,Admit,Many,2.26
1894516391,2023-12-08,2030-04-14,129,Specific,N/A,3.87
1194939499,2022-12-28,2026-03-14,53,And,N/A,2.63
1766500466,2025-08-21,2025-11-17,108,Recently,N/A,3.96
1952459506,2021-09-09,2023-07-14,138,Candidate,N/A,3.48
1102713067,2020-11-02,2021-11-16,92,Walk,Save,2.41
1668359372,2024-02-01,2026-12-04,133,Weight,Pick,3.73
1149418223,2021-03-11,2024-09-26,12,Surface,Here,2.08
1270167214,2022-06-13,2028-02-21,79,Message,N/A,3.33
1987269219,2024-02-07,2027-03-30,27,Reality,N/A,3.16
1595550460,2022-10-07,2030-09-20,75,Think,N/A,2.77
1717261108,2021-12-15,2024-01-20,82,Choose,N/A,3.63
1595789758,2021-12-05,2025-06-30,33,But,Always,2.39
1260777937,2022-05-14,2023-03-04,44,Sometimes,Whose,2.22
1472578604,2022-11-27,2029-06-01,35,Lawyer,N/A,3.21
1274696549,2022-07-08,2026-12-17,37,Each,N/A,3.71
1650922892,2022-05-07,2023-05-10,45,Something,N/A,2.97
1760367717,2024-08-19,2025-08-20,21,Marriage,Present,2.12
1232806678,2022-04-08,2024-10-07,135,Blood,N/A,3.43
1388656326,2024-11-15,2025-08-05,12,Into,N/A,3.66
1437941261,2023-12-27,2029-09-12,92,But,N/A,3.68
1095730711,2023-10-19,2028-10-09,120,Southern,N/A,3.42
1613230254,2023-09-18,2026-10-17,9,Trip,N/A,2.92
1923705190,2022-07-31,2025-01-24,27,Property,Whose,2.71
1280342689,2022-08-08,2023-09-23,69,Hot,Compare,3.7
1489982040,2025-01-07,2029-10-20,35,Least,N/A,3.93
1056367391,2024-11-26,2025-01-22,47,Man,Special,2.93
1361386200,2025-02-20,2030-03-09,106,Season,N/A,2.26
1798155003,2021-04-23,2030-09-26,112,Go,Forget,2.55
1882147017,2024-10-18,2027-11-21,139,My,N/A,3.29
1464180617,2025-07-06,2027-01-24,127,Series,Television,3.11
1364349125,2023-07-24,2026-04-14,75,Road,Hold,2.24
1633333933,2022-02-08,2024-09-25,93,Great,N/A,3.42
1188712435,2021-10-26,2029-04-29,40,War,N/A,2.43
1266522493,2023-12-13,2027-02-08,105,Financial,Manage,3.83
1692179845,2021-08-03,2022-04-27,96,Good,Possible,3.4
1238567046,2024-12-27,2030-01-27,48,Wall,Share,2.19
1513719144,2025-08-31,2025-09-11,28,Again,Why,3.13
1418732739,2024-12-31,2029-05-06,111,Ten,Member,2.88
1646152181,2021-02-26,2022-04-12,67,Recognize,Store,4.0
1352361444,2023-06-03,2024-05-04,6,Cut,Piece,2.22
1811528016,2022-11-29,2030-04-11,138,Physical,Past,3.83
1897023628,2021-11-09,2027-11-29,116,Very,Stock,3.95
1252631970,2021-07-27,2030-03-28,92,Present,N/A,3.56
1328898661,2023-01-02,2029-02-04,39,Very,N/A,2.4
1876491183,2025-04-05,2027-10-06,32,Form,Nation,3.84
1962819630,2023-04-11,2025-04-03,79,Three,N/A,2.63
1055389825,2021-09-11,2026-04-16,45,Early,N/A,3.14
1616484601,2024-11-08,2028-05-22,61,Own,N/A,2.62
1683212031,2025-08-15,2026-02-11,78,Many,N/A,2.21
1593861436,2021-04-09,2027-10-22,97,Me,Management,3.93
1658975645,2024-07-25,2025-07-17,68,Anyone,Too,3.1
1120757896,2023-07-27,2030-08-13,118,Region,N/A,2.77
1117997052,2021-10-02,2022-06-20,136,But,N/A,3.72
1158536625,2022-02-28,2025-10-23,16,Two,N/A,2.15
1976076897,2025-08-13,2027-02-27,46,Whom,Environment,2.99
1392625865,2022-08-30,2030-03-02,111,Can,N/A,2.98
1162480827,2025-04-19,2027-05-24,37,Sell,Itself,3.61
1584883790,2023-06-08,2023-11-15,35,Oil,N/A,2.26
1032900804,2022-03-17,2024-09-10,24,Science,N/A,2.44
1822157665,2023-04-07,2028-10-21,139,Myself,Argue,2.54
1326394194,2022-08-04,2027-10-04,76,Government,If,2.59
1390499489,2024-07-16,2025-02-01,135,Blue,N/A,3.47
1947759654,2022-11-23,2028-08-15,6,Tax,Hot,2.83
1237538344,2024-12-09,2027-07-03,22,Include,Morning,2.2
1996638868,2024-12-27,2026-08-08,18,Half,Can,2.06
1378725392,2025-09-24,2029-11-10,119,Event,Six,2.75
1894945070,2024-11-02,2029-09-16,125,Score,Heavy,3.89
1261858260,2025-04-09,2030-09-16,34,Later,Hold,3.23
1774551641,2025-03-12,2027-08-26,5,Half,Bed,2.51
1751187460,2020-11-28,2028-04-14,111,Work,Mind,3.12
1822087123,2023-01-05,2028-09-23,9,Probably,N/A,2.49
1584956715,2023-05-19,2025-01-29,104,Bag,Less,2.7
1813997095,2025-01-05,2028-07-25,17,Huge,Past,2.79
1044365141,2022-07-07,2022-07-08,71,Realize,N/A,2.34
1748206773,2023-08-16,2026-06-24,29,Perhaps,Generation,2.67
1391014484,2024-02-27,2030-02-18,37,Democrat,N/A,3.54
1725474919,2021-06-07,2024-11-19,30,Mrs,N/A,3.18
1284431719,2023-02-09,2025-01-01,1,Street,Man,3.73
1371468525,2022-08-21,2022-11-21,99,Impact,N/A,3.48
1746432415,2023-09-19,2025-01-04,56,Main,N/A,2.1
1518445648,2024-06-25,2024-07-08,63,Point,N/A,2.21
1795111626,2025-06-13,2028-11-03,78,Prepare,Own,3.62
1302452481,2024-01-14,2027-08-12,116,Policy,Car,2.16
1928396687,2025-09-24,2028-03-26,79,Art,Method,3.91
1955945701,2023-10-15,2028-06-12,21,Age,N/A,3.98
1372884130,2022-03-13,2029-11-02,103,Factor,N/A,3.4
1947848717,2023-01-05,2027-08-18,23,Room,Anyone,2.82
1649001274,2023-05-16,2027-03-17,112,Military,N/A,2.55
1958087758,2021-07-26,2027-12-05,88,Cut,N/A,3.02
1115608652,2021-05-24,2024-05-21,93,Discussion,Seem,2.71
1099807537,2022-12-17,2026-04-16,43,Carry,N/A,2.51
1511750197,2024-06-29,2024-08-14,43,Participant,Serious,3.09
1068491638,2022-11-30,2023-04-21,134,Church,Investment,3.69
1762474545,2023-11-29,2024-05-25,23,Movement,Word,2.3
1719670537,2023-09-22,2028-07-27,39,Own,N/A,2.96
1131292006,2023-05-16,2027-05-26,105,All,Especially,2.83
1959497007,2024-11-29,2026-09-22,96,Again,N/A,3.04
1080968039,2022-11-09,2024-01-08,118,Choice,N/A,3.66
1501006035,2020-11-20,2021-01-11,57,Church,Offer,3.29
1417887412,2024-09-07,2028-03-02,48,Drop,N/A,2.63
1878882996,2022-04-11,2027-01-02,111,Fund,N/A,3.86
1576597405,2021-01-10,2026-07-24,53,Report,N/A,3.98
1128598864,2022-10-05,2027-11-07,132,Idea,N/A,3.76
1137399086,2023-09-22,2024-10-22,46,Stand,N/A,3.71
1839008603,2021-12-22,2029-03-30,37,Seat,There,2.41
1165255992,2023-04-04,2029-11-26,35,Young,N/A,3.48
1510452453,2020-12-18,2024-03-25,81,Career,N/A,3.91
1459356190,2023-08-01,2025-04-09,119,Its,Out,3.06
1737805020,2020-12-26,2028-02-18,51,Worker,N/A,2.51
1224695313,2024-03-23,2028-09-23,23,Too,N/A,2.35
1513098784,2025-05-01,2028-08-28,39,Something,Evening,2.07
1432583643,2022-01-27,2023-08-16,125,Safe,N/A,3.89
1679258786,2022-01-27,2022-12-07,76,Letter,N/A,2.64
1096274395,2022-02-25,2023-03-18,27,Republican,N/A,3.51
1113305575,2025-03-06,2026-05-12,9,Edge,Four,2.25
1395078887,2022-07-17,2024-05-15,91,Sing,Nearly,2.11
1869741785,2025-02-05,2025-08-13,15,Heart,N/A,3.19
1872656453,2023-02-02,2026-05-13,104,Call,N/A,2.97
1585716616,2022-09-24,2029-06-10,127,Lead,Time,2.51
1360055500,2023-09-26,2024-02-12,17,Audience,Land,3.6
1775614818,2024-08-15,2025-04-15,21,Grow,N/A,3.44
1780358632,2024-09-03,2026-11-25,57,Performance,N/A,2.41
1479219759,2024-04-01,2026-12-24,14,Lot,Parent,2.36
1614814301,2023-12-23,2026-05-18,18,Least,N/A,2.45
1546383110,2024-01-08,2028-04-08,101,Garden,Arm,2.19
1526908390,2021-12-23,2029-09-25,27,Increase,N/A,2.81
1351778914,2022-04-06,2025-10-28,12,Change,Condition,2.23
1403956273,2023-11-13,2028-08-17,41,Eat,N/A,2.68
1655638615,2024-02-21,2026-05-05,116,Pull,N/A,3.17
1898349405,2025-02-04,2028-01-27,99,Particularly,Community,3.2
1123654012,2025-01-29,2027-03-21,35,Sometimes,N/A,3.63
1177186128,2024-06-30,2030-01-05,133,His,N/A,2.08
1577992834,2021-08-27,2024-12-02,29,Within,Total,3.99
1519510573,2022-01-11,2026-06-16,121,Stage,N/A,2.49
1898615799,2021-03-26,2027-12-08,140,Field,Remember,3.75
1513200941,2021-08-28,2022-07-17,29,Book,Sing,2.85
1292415124,2021-09-12,2025-05-30,34,Interest,N/A,3.76
1462543451,2024-05-30,2029-08-30,0,Forward,N/A,3.35
1347393558,2021-10-08,2026-06-11,56,Theory,N/A,2.57
1499380100,2024-02-24,2030-02-20,7,Put,Politics,3.53
1225757674,2021-09-28,2026-05-30,86,Claim,Per,2.89
1367748909,2024-05-06,2027-10-09,60,Organization,Seek,3.25
1000962793,2025-07-17,2030-05-22,101,Avoid,Human,3.97
1996870002,2025-08-10,2030-04-09,51,Sign,N/A,2.4
1650960702,2021-02-26,2024-07-25,25,Street,N/A,2.96
1812984139,2021-10-09,2023-06-07,132,Million,Establish,3.2
1553013884,2025-09-18,2030-02-13,81,Crime,N/A,2.66
1034072632,2025-04-03,2028-01-03,10,Hair,News,2.76
1050831870,2025-02-10,2029-11-17,125,Future,Person,2.95
1667196319,2024-02-12,2024-06-05,60,Magazine,Behind,3.08
1993844572,2022-10-05,2029-09-12,38,Letter,About,2.19
1093495540,2025-07-02,2030-03-18,2,Former,N/A,2.62
1001263160,2022-12-03,2028-10-28,109,Society,N/A,3.3
1230919493,2024-05-31,2025-08-28,6,I,N/A,3.88
1532466866,2024-03-02,2026-01-15,95,Member,N/A,2.13
1027600727,2022-06-06,2023-02-10,126,Soon,N/A,2.83
1914559456,2022-08-09,2023-01-17,89,Child,N/A,2.3
1480946127,2023-02-04,2024-05-03,19,Include,N/A,3.2
1674958975,2021-10-08,2027-04-01,119,Describe,N/A,3.51
1126970595,2021-02-16,2026-10-06,33,Method,N/A,2.91
1928951321,2025-02-03,2026-07-06,71,Indeed,Shake,3.76
1103618648,2025-04-08,2026-11-20,139,Develop,Find,3.79
1369303812,2024-10-03,2026-04-28,96,Few,Themselves,2.95
1891611223,2020-11-14,2027-08-14,130,Response,N/A,3.64
1043879716,2022-07-28,2027-07-11,28,Director,N/A,2.39
1635594430,2023-04-29,2027-01-08,35,Next,Anything,3.25
1679755967,2021-12-18,2027-11-19,55,Its,N/A,3.58
1356111145,2023-04-25,2028-09-15,56,Particularly,N/A,2.19
1817633103,2023-01-10,2030-03-07,2,Growth,N/A,3.74
1695494121,2023-12-25,2029-09-07,134,Structure,Weight,2.17
1621486336,2021-05-24,2029-03-02,24,Church,Start,3.48
1699952063,2021-12-11,2029-01-30,65,Five,Occur,2.65
1258920606,2022-09-07,2024-03-27,93,Person,N/A,3.6
1303621946,2022-10-09,2029-03-30,118,See,Republican,2.05
1276639501,2023-10-02,2029-06-26,30,Kitchen,Hit,2.98
1044094192,2022-06-12,2024-11-07,6,Care,Night,3.05
1339006051,2024-08-03,2030-07-29,31,Another,Religious,2.99
1681171986,2022-02-25,2029-10-12,5,Action,N/A,3.16
1615089059,2024-02-09,2026-01-02,51,Approach,N/A,3.94
1435939159,2022-11-21,2029-11-27,134,Mother,This,3.38
1465278525,2025-03-21,2030-10-01,2,Itself,N/A,3.39
1619308143,2024-05-19,2030-05-30,34,Pick,Hot,2.39
1547055537,2025-10-13,2025-10-15,103,Question,N/A,2.08
1039335883,2025-02-23,2027-05-07,57,Laugh,N/A,3.22
1272714505,2025-05-03,2029-09-04,130,Choose,Ahead,2.52
1628087506,2024-05-08,2025-07-05,39,Window,N/A,3.78
1279494516,2021-06-28,2028-06-19,106,No,N/A,3.25
1665525455,2025-03-25,2030-01-09,87,Investment,Door,3.33
1298943523,2024-01-15,2030-04-04,12,Speak,N/A,3.42
1041229483,2021-05-25,2029-01-04,39,Loss,N/A,3.17
1310315062,2021-03-07,2026-03-18,9,Body,N/A,3.1
1263414261,2024-03-29,2029-12-28,17,Sign,Color,3.48
1866874998,2020-12-06,2024-01-07,28,Authority,Edge,3.4
1568767738,2021-12-11,2024-10-06,83,What,Front,3.66
1736983621,2021-01-18,2024-08-30,32,Allow,N/A,3.68
1067923842,2022-05-09,2030-02-05,137,Husband,N/A,3.63
1094090018,2024-06-15,2027-06-02,16,Bed,Mouth,2.24
1666910971,2023-04-21,2023-06-11,129,Imagine,Watch,3.19
1148775459,2021-10-19,2028-02-05,127,Democrat,Research,3.04
1436879510,2022-12-25,2025-06-18,3,Deal,N/A,3.02
1819785287,2023-05-14,2024-02-16,47,Radio,Box,3.75
1582110037,2023-07-03,2026-11-17,118,Building,Stand,2.21
1019466683,2025-05-30,2027-12-01,108,Not,N/A,2.22
1136409556,2021-08-21,2022-07-01,2,Will,N/A,2.86
1036079235,2022-08-21,2024-10-28,128,In,Show,2.95
1228771071,2025-04-30,2029-03-22,127,Central,Since,3.69
1687592828,2024-12-31,2030-06-18,94,Who,High,2.19
1327264393,2025-09-08,2029-04-13,97,Occur,N/A,3.12
1988448192,2022-06-18,2028-05-13,6,For,N/A,2.75
1148229473,2024-07-05,2025-11-22,38,Real,N/A,2.75
1367241168,2021-03-26,2021-11-16,138,Away,Probably,2.91
1773051095,2024-06-28,2026-09-25,82,Suggest,N/A,2.96
1435843029,2023-09-29,2028-08-17,98,Lead,Design,3.09
1761561373,2021-09-26,2025-01-18,1,Somebody,Both,2.28
1214531494,2022-10-13,2026-10-06,61,Appear,N/A,2.46
1935241747,2025-08-02,2027-11-12,42,Prepare,N/A,3.98
1005576960,2024-02-14,2029-06-16,136,Their,Race,3.28
1263506862,2021-01-24,2022-10-16,101,Interview,Firm,2.81
1241749403,2025-05-31,2030-05-02,24,Town,N/A,2.24
1027814322,2023-02-06,2028-10-23,114,Plan,Simply,2.83
1505237836,2022-06-02,2028-12-13,67,Mind,Make,3.24
1886256804,2022-11-29,2030-01-24,11,Want,N/A,3.48
1801644772,2021-07-19,2030-06-24,130,Town,N/A,2.61
1110337543,2024-10-17,2030-08-01,19,Kind,N/A,2.42
1901458229,2022-10-31,2027-12-16,87,Leave,N/A,3.33
1310791970,2024-10-30,2030-04-06,94,There,Someone,2.29
1628092506,2022-09-26,2024-03-08,47,Author,Yes,2.1
1705634550,2023-12-06,2030-06-26,100,Campaign,N/A,2.83
1642255036,2021-02-04,2026-07-27,84,Reality,N/A,3.41
1309632630,2024-12-28,2027-03-26,48,Identify,Wife,2.77
1743497067,2025-10-11,2030-08-25,78,Effect,Above,3.63
1293237108,2023-05-08,2030-01-24,68,With,N/A,2.48
1303859879,2021-12-03,2025-12-15,33,Radio,Officer,2.24
1327178282,2023-06-25,2030-07-31,48,Cause,Total,2.72
1523858900,2024-07-04,2027-02-09,25,Trip,N/A,2.96
1106392526,2021-01-29,2030-07-14,3,Above,N/A,2.26
1701423212,2021-01-04,2023-01-23,26,Movement,After,3.34
1122351764,2022-05-06,2029-06-12,19,Use,N/A,2.77
1238350507,2024-04-14,2024-10-04,109,Analysis,N/A,3.23
1150094238,2021-12-05,2027-08-04,66,Someone,Body,3.14
1598897982,2021-02-06,2030-02-09,36,Billion,N/A,3.22
1494940940,2021-09-24,2028-04-13,81,Blue,Rate,2.57
1546413173,2024-03-01,2028-07-27,41,Lay,N/A,3.77
1125757306,2021-09-09,2030-01-07,15,This,N/A,2.1
1457198273,2023-01-04,2025-07-29,34,Artist,N/A,2.92
1367909246,2021-08-10,2022-03-15,134,Nearly,Door,2.98
1717202897,2025-07-14,2028-06-14,63,Artist,N/A,3.02
1296589897,2022-07-16,2029-05-27,39,Eat,Place,3.61
1399958829,2025-10-01,2026-05-25,82,Attorney,Down,2.76
1373812934,2021-09-11,2022-04-10,128,Field,Picture,3.38
1937586501,2020-11-24,2023-03-10,31,Rule,Town,3.65
1238785855,2021-10-05,2026-08-05,41,Government,System,3.28
1923785864,2024-07-29,2029-02-17,134,Difference,Minute,3.0
1050967661,2024-08-05,2029-06-10,98,Here,N/A,2.97
1818650680,2025-07-28,2026-03-15,93,Wind,Audience,2.27
1218952581,2024-07-20,2026-12-03,111,Total,N/A,3.58
1533244813,2021-06-27,2028-09-08,113,Him,N/A,2.43
1229307876,2024-02-20,2027-12-06,32,Natural,Religious,3.24
1549595651,2023-02-15,2025-04-07,52,Another,Issue,3.66
1171658544,2021-04-25,2021-09-25,16,Nor,Region,3.29
1516045442,2024-12-27,2029-07-08,3,Box,N/A,2.89
1559369369,2020-11-03,2026-12-07,25,Those,N/A,2.93
1520810048,2024-10-28,2029-05-17,103,Heart,N/A,2.3
1664587773,2025-08-17,2025-09-09,74,Very,N/A,2.72
1254669760,2024-05-19,2027-10-28,66,House,N/A,2.41
1047914240,2023-04-19,2030-04-20,82,Ready,N/A,3.71
1459135299,2020-11-28,2021-05-17,12,Fall,N/A,2.14
1521404760,2021-04-10,2028-07-28,28,Price,N/A,2.32
1801241401,2021-04-04,2028-03-08,14,Condition,N/A,2.89
1415186619,2022-05-28,2029-06-18,86,Successful,N/A,3.38
1054184630,2023-03-25,2030-10-15,106,Nor,N/A,3.52
1156780562,2025-08-05,2028-10-07,33,Catch,N/A,2.52
1791066087,2025-06-25,2030-08-10,140,There,Compare,3.03
1443431778,2023-04-28,2028-06-16,2,Degree,Husband,3.34
1558996867,2022-01-12,2024-12-27,2,Marriage,N/A,2.75
1232297110,2024-09-07,2030-09-20,14,Military,Wish,2.83
1841666330,2024-12-08,2026-12-22,111,National,Way,2.81
1228177468,2022-02-28,2028-02-29,41,Anything,N/A,3.11
1845382589,2023-08-10,2024-08-06,104,Anything,Generation,3.11
1521153943,2025-09-12,2029-05-08,58,Another,Line,2.6
1310273919,2023-10-03,2024-06-04,29,The,Show,2.54
1073543425,2024-10-22,2030-07-06,114,Article,N/A,2.35
1248437543,2020-11-29,2023-06-19,18,Board,See,3.45
1723661836,2021-05-24,2022-12-01,107,Attack,On,2.4
1308164183,2022-06-26,2030-07-27,105,Space,Easy,2.02
1507951463,2023-07-12,2025-02-19,104,Item,N/A,3.67
1980599750,2025-05-13,2028-07-30,113,Realize,N/A,3.76
1845052879,2022-11-22,2026-09-05,98,Soldier,Lose,3.51
1878232945,2025-01-31,2028-11-15,26,Design,Pattern,3.81
1362940816,2023-11-17,2025-05-23,24,Two,N/A,3.55
1352926992,2025-05-10,2028-10-19,136,Order,Record,3.6
1228805838,2024-11-13,2029-07-29,114,Allow,Over,3.4
1271407531,2022-09-15,2026-02-11,6,Its,Wind,3.03
1551099414,2025-02-18,2027-12-20,82,End,Discussion,3.03
1452705951,2025-02-17,2025-08-03,131,Leader,N/A,2.83
1163494629,2023-04-17,2023-07-09,126,Today,Owner,2.74
1729336326,2024-06-13,2028-12-08,39,Institution,N/A,2.13
1307217073,2021-10-18,2029-02-18,14,Learn,N/A,3.01
1421820701,2020-10-23,2030-10-13,108,Real,N/A,3.43
1889604941,2025-03-11,2030-10-15,34,Money,N/A,3.68
1716287035,2022-08-07,2024-06-20,124,Take,Program,2.17
1809215648,2021-08-29,2027-12-01,52,Parent,N/A,3.4
1339145962,2022-07-05,2027-08-27,100,Nation,N/A,3.65
1430082875,2023-07-10,2025-03-26,41,Check,N/A,2.38
1474275359,2023-08-04,2030-06-08,31,However,N/A,2.44
1546195310,2024-07-03,2027-10-21,16,We,N/A,3.41
1182229942,2025-08-25,2025-08-30,38,Write,N/A,3.94
1771424788,2022-09-18,2030-04-13,39,Tax,N/A,3.13
1257034834,2022-10-09,2030-02-10,105,Field,Woman,2.22
1915791585,2021-11-21,2028-10-08,75,Detail,Than,3.28
1348907540,2020-10-31,2024-11-20,118,Hair,Whose,3.04
1037028037,2023-01-20,2024-05-02,80,Whole,N/A,2.68
1563216738,2020-12-03,2028-02-05,40,Director,State,3.87
1734530346,2022-06-14,2025-03-15,48,Oil,Analysis,2.43
1688508018,2021-11-27,2022-03-09,15,Clear,Instead,3.04
1315441522,2020-12-04,2027-12-03,19,At,N/A,2.01
1573504388,2022-04-14,2026-10-16,88,Soldier,Her,3.94
1651963864,2022-12-06,2025-03-27,37,Order,Section,2.67
1848695448,2025-03-03,2029-09-19,100,Join,Into,2.03
1126639078,2023-10-01,2028-09-15,76,Until,N/A,3.41
1900086013,2023-03-28,2026-02-21,60,Same,Discuss,2.13
1924258195,2025-01-03,2026-04-14,18,Stuff,Word,3.23
1215421987,2025-08-26,2026-10-26,14,Close,N/A,2.2
1498736508,2025-03-26,2030-03-12,83,Artist,Whole,3.22
1239077881,2024-09-03,2028-12-26,23,Stand,Discussion,3.37
1526412226,2021-04-29,2029-12-01,72,The,N/A,3.03
1307614552,2022-04-15,2026-05-31,118,Her,Fast,2.05
1814843085,2020-11-14,2021-03-25,87,Organization,N/A,3.25
1179126605,2025-05-28,2029-01-12,38,Work,Lay,3.08
1345381213,2021-07-27,2022-12-20,28,Baby,Hope,2.57
1514362737,2021-01-22,2021-09-30,84,Condition,Life,3.84
1643823634,2022-12-18,2024-10-17,28,Her,National,3.14
1739275556,2024-03-28,2027-03-06,128,Exactly,N/A,3.82
1289505937,2022-12-20,2030-04-12,10,Old,N/A,2.02
1282984362,2024-05-27,2026-11-03,36,Tax,Stage,2.66
1721103604,2023-01-25,2029-04-08,107,Develop,Same,2.64
1133907020,2021-10-15,2024-06-17,114,Which,N/A,2.92
1694790146,2025-05-09,2027-01-13,69,Treat,N/A,2.61
1208275789,2025-08-15,2028-03-19,55,Type,Decade,3.97
1822647425,2022-12-31,2030-07-22,62,Hard,Base,3.42
1780031495,2024-03-24,2025-11-19,122,Sure,N/A,3.78
1558491941,2021-02-02,2021-05-05,110,Reduce,N/A,3.54
1451942910,2024-04-17,2030-01-02,82,Station,Quality,2.24
1961556035,2022-02-11,2028-03-29,61,Positive,N/A,2.48
1464566007,2023-12-09,2027-11-26,44,On,Mrs,2.9
1116351861,2021-03-10,2027-07-16,21,Mother,Tell,3.78
1929306711,2022-11-07,2023-10-18,138,Unit,Turn,3.95
1119254509,2023-06-08,2026-10-27,90,Account,N/A,2.87
1193663419,2025-02-07,2025-02-17,85,State,Its,2.77
1892170625,2025-02-05,2029-12-15,135,Situation,N/A,2.73
1869203273,2024-06-24,2024-09-10,85,Sure,Challenge,2.65
1718409260,2023-03-29,2030-09-11,136,Shake,Boy,3.33
1367145792,2022-01-20,2023-02-11,93,Wear,Set,3.81
1926724062,2023-01-27,2023-06-01,108,Operation,Speech,2.25
1486787189,2023-11-27,2026-01-07,40,Gun,Tonight,2.15
1067706371,2022-02-19,2022-07-20,11,World,Month,2.71
1249522619,2025-09-22,2028-01-11,68,Quite,N/A,2.43
1566331137,2023-02-20,2027-04-04,56,Watch,N/A,3.49
1231933869,2021-07-14,2026-09-07,37,History,Sometimes,2.64
1803120822,2021-09-25,2025-12-22,135,Source,N/A,2.37
1702820690,2024-02-10,2027-07-07,10,Population,Indeed,2.4
1779082503,2023-02-17,2027-05-24,10,Receive,Mind,2.36
1455208918,2023-06-01,2024-10-22,0,Reveal,N/A,3.01
1222635317,2025-06-12,2028-10-08,93,Mission,See,3.56
1494479626,2021-06-01,2027-01-22,38,Get,N/A,2.39
1094580906,2022-12-08,2024-04-24,136,Agency,N/A,3.0
1847785338,2021-07-05,2029-05-25,49,Meet,Guess,2.39
1352643419,2024-09-07,2027-01-25,38,Ball,N/A,2.58
1080772627,2025-03-28,2025-04-08,26,Education,N/A,2.86
1678287281,2024-12-19,2025-10-25,60,Mission,N/A,2.32
1163953296,2024-08-24,2026-06-22,27,Various,Our,3.96
1972879130,2025-02-07,2030-01-24,33,Able,Instead,2.72
1167088477,2022-07-21,2025-12-03,69,Cup,N/A,3.86
1907333524,2023-12-03,2026-09-09,116,Discover,N/A,2.19
1583156337,2023-02-24,2023-03-22,118,Most,Foot,3.54
1115117337,2023-01-20,2024-12-06,9,He,Usually,3.05
1722082891,2021-10-28,2028-04-08,67,Try,N/A,3.91
1580428633,2025-10-06,2029-02-18,54,War,N/A,3.25
1841648797,2022-02-21,2028-12-28,61,Act,N/A,2.92
1402398865,2023-08-31,2025-06-02,83,Stock,Building,2.93
1592736611,2020-12-22,2027-01-18,25,Their,N/A,3.16
1115390196,2025-04-02,2025-06-07,27,Ok,N/A,3.31
1435995798,2024-09-14,2027-08-13,78,Fall,N/A,2.14
1710679668,2024-07-12,2028-04-03,88,Table,N/A,2.46
1056899001,2021-07-05,2022-08-18,118,Hospital,N/A,3.24
1835958721,2025-07-23,2029-03-08,111,Man,Society,2.66
1988527958,2025-08-09,2029-10-16,121,Hot,N/A,3.7
1177691816,2025-05-19,2027-06-24,14,Store,Guess,3.0
1678335463,2022-09-26,2024-04-11,59,Occur,N/A,3.87
1701834739,2021-12-06,2030-01-15,11,Town,N/A,3.76
1680634676,2024-09-10,2026-04-18,100,Six,Notice,2.67
1019599206,2023-03-20,2025-09-18,137,Close,N/A,3.27
1858257819,2024-07-06,2030-04-27,89,All,N/A,2.69
1138460049,2022-09-29,2022-12-09,46,Choice,N/A,3.87
1509400007,2025-07-14,2027-05-23,45,Economic,N/A,3.94
1407142324,2023-02-10,2028-03-17,54,Happen,Could,2.42
1354777399,2022-01-14,2026-01-23,31,Parent,Happen,3.72
1169909181,2023-08-28,2026-06-25,45,What,N/A,2.13
1652493434,2021-02-22,2021-11-17,104,Recent,N/A,2.1
1754861861,2023-01-21,2024-10-05,52,Series,Wall,3.28
1256241635,2022-08-06,2023-01-11,45,Professional,N/A,2.03
1069473355,2023-04-18,2028-06-07,137,Right,N/A,2.18
1055287946,2025-01-18,2028-03-29,132,Poor,Theory,2.69
1667477541,2023-07-23,2026-03-01,23,Your,Reveal,2.85
1281325133,2023-06-14,2028-03-28,121,Level,N/A,2.75
1703196173,2022-09-01,2028-11-11,84,Unit,N/A,2.89
1839421756,2021-11-13,2023-02-09,78,Challenge,Nature,2.23
1956302454,2024-09-13,2026-12-31,12,Yes,N/A,3.53
1479155952,2022-03-06,2023-10-07,32,Accept,N/A,3.51
1782330665,2022-09-07,2028-01-01,99,White,N/A,2.78
1127006800,2024-01-28,2026-03-19,47,While,Meet,3.72
1519480298,2021-04-07,2026-08-04,104,Relationship,Doctor,2.42
1265587838,2025-05-03,2028-08-14,101,Around,N/A,3.97
1262504787,2024-07-08,2029-07-21,73,Hospital,Doctor,3.96
1445357699,2021-05-28,2022-10-17,53,Difficult,N/A,2.65
1140855393,2024-04-19,2029-03-16,23,Film,Art,2.08
1145052309,2021-11-11,2024-11-14,88,Short,N/A,3.74
1326843920,2023-12-20,2028-09-09,99,Glass,N/A,2.93
1716473969,2021-09-29,2029-06-26,126,Enter,N/A,3.74
1898328078,2022-12-21,2029-11-06,24,Interest,N/A,3.58
1142728234,2022-12-22,2029-03-19,108,Grow,These,2.46
1483161297,2023-03-11,2030-09-03,115,Serious,Nature,2.63
1491053351,2020-12-20,2023-01-24,138,Ball,N/A,3.82
1081484249,2025-02-06,2030-09-12,26,Lot,N/A,3.16
1777487517,2024-01-13,2030-03-23,72,From,There,2.5
1869316126,2022-10-20,2030-04-02,139,Civil,Indicate,2.28
1944858421,2024-12-14,2026-03-09,83,Military,Case,3.11
1684364542,2023-11-30,2030-06-07,53,Some,N/A,2.73
1342350774,2025-02-23,2030-04-05,73,Environment,N/A,2.65
1827437548,2023-01-07,2026-08-20,86,Have,Mr,2.5
1692757195,2022-10-27,2030-04-25,20,Market,N/A,2.37
1869676753,2025-02-11,2026-01-31,124,Anyone,Sell,3.09
1550594341,2021-05-21,2025-02-05,29,Table,And,3.01
1788770621,2021-06-13,2026-04-06,58,Again,N/A,3.84
1855109226,2025-01-09,2028-10-29,5,Grow,N/A,3.23
1816890571,2022-12-04,2026-03-15,116,Since,N/A,3.7
1263842091,2022-05-22,2026-11-05,49,Style,Main,2.37
1994890460,2024-08-25,2026-05-08,26,Prove,Child,3.97
1266112888,2022-01-09,2026-10-06,107,From,Key,3.31
1974816183,2025-02-02,2027-09-25,42,Street,N/A,2.69
1271015966,2022-10-11,2027-11-05,129,Trade,N/A,2.59
1199155717,2024-06-11,2029-03-24,136,Side,N/A,3.39
1727785249,2025-05-19,2026-03-13,109,Present,Mr,3.25
1934204573,2021-03-01,2025-01-15,7,Staff,N/A,2.25
1588731916,2023-05-16,2028-11-23,37,Offer,Letter,2.77
1643081419,2021-12-29,2027-09-19,99,Toward,Case,2.05
1398938888,2023-08-21,2023-10-14,36,Team,N/A,2.17
1083844071,2024-02-05,2027-11-28,84,Across,Recent,2.21
1930105584,2023-01-21,2023-04-03,30,Especially,Indicate,2.09
1078272847,2025-06-10,2025-11-03,107,Rich,Worry,3.89
1533005480,2023-07-29,2027-01-12,67,Often,N/A,2.29
1343755223,2023-07-31,2024-01-27,3,Huge,Company,3.44
1585586233,2024-04-13,2028-09-23,44,Magazine,Yourself,3.55
1056281832,2021-12-23,2029-03-17,10,Event,Speak,2.34
1686713551,2022-06-22,2027-06-15,135,Class,N/A,3.38
1979566094,2023-12-25,2025-09-12,25,Middle,Word,2.73
1844106054,2021-02-12,2030-09-12,55,Laugh,N/A,3.51
1844668637,2021-02-26,2025-11-05,135,Rate,Member,4.0
1275719805,2025-09-14,2028-03-27,140,Follow,Physical,2.47
1779013235,2021-09-27,2029-05-02,40,Color,N/A,3.91
1804719492,2021-11-04,2027-11-03,24,Determine,N/A,2.13
1615874718,2021-05-24,2029-07-06,78,Front,World,3.39
1358258607,2024-01-03,2025-03-03,87,Indeed,Attack,3.8
1918055225,2025-04-26,2028-05-19,64,Air,Building,2.65
1018077355,2021-04-08,2023-10-21,20,Agency,Whole,3.95
1105986682,2024-01-20,2026-06-20,120,Certain,Happen,2.72
1475842126,2025-02-10,2026-01-27,50,Go,N/A,2.92
1538363065,2025-10-14,2027-07-30,31,Member,Much,2.97
1532984473,2022-04-11,2027-07-28,6,Picture,N/A,2.5
1091082734,2025-03-24,2030-09-05,109,Positive,Student,3.27
1606123219,2023-01-29,2026-06-16,45,Seven,Know,3.02
1965853841,2021-11-25,2025-03-10,92,Easy,Relate,3.26
1823092426,2024-05-18,2027-07-07,99,Thousand,Mother,2.89
1616619456,2022-01-15,2023-10-23,43,State,Hundred,3.81
1567881598,2021-10-30,2030-07-27,96,Clear,Play,2.78
1595635841,2022-08-10,2027-11-02,115,Western,N/A,2.82
1667057909,2025-04-18,2029-10-03,95,Everyone,Catch,3.02
1434767823,2022-02-24,2027-02-23,16,Letter,Agent,3.56
1959715311,2024-12-15,2025-06-02,61,Name,Skill,2.13
1295606594,2020-12-16,2029-04-05,4,Government,N/A,3.29
1774264710,2024-06-01,2025-03-30,55,Where,Edge,2.18
1495934010,2023-06-17,2026-11-27,25,Cold,N/A,3.39
1321247417,2025-06-01,2028-10-05,90,Protect,N/A,3.4
1315420659,2021-09-21,2030-07-17,80,Wish,N/A,2.33
1601858602,2024-10-18,2028-01-06,47,Environment,Community,3.99
1627647794,2024-12-23,2029-09-05,16,Late,Say,2.71
1328441337,2024-07-24,2027-11-02,115,Hospital,N/A,3.9
1634944081,2025-03-15,2027-04-09,106,Lose,Ten,2.14
1202720849,2021-07-26,2028-09-21,23,After,Term,3.54
1543788851,2025-09-03,2026-03-19,51,Budget,Prevent,3.06
1717509459,2024-04-06,2026-11-01,12,Determine,Nothing,2.84
1714842029,2024-01-18,2026-06-23,9,Voice,Word,3.2
1895538901,2024-06-27,2027-03-19,54,Him,N/A,2.77
1915586492,2022-04-30,2025-12-17,12,Matter,Rate,2.63
1037021552,2025-10-18,2029-01-11,71,Important,N/A,3.56
1354593307,2020-11-06,2028-11-19,131,Piece,Me,3.9
1913119060,2021-12-23,2030-09-24,93,News,Have,3.34
1345402805,2023-06-06,2027-05-31,125,Leave,N/A,2.9
1814957477,2025-07-23,2028-01-27,31,Public,N/A,3.23
1250889447,2025-03-11,2027-10-14,51,Result,Science,2.78
1386585264,2022-09-23,2029-11-16,58,Change,N/A,2.64
1160988809,2024-03-25,2027-07-19,75,Ability,Force,2.83
1383045860,2023-02-01,2024-12-24,130,Skin,Develop,3.13
1805705788,2022-08-06,2023-01-31,89,Project,N/A,2.06
1532053643,2022-12-06,2030-06-21,23,Little,N/A,2.95
1030263163,2023-10-11,2025-08-03,122,Mouth,Water,3.29
1209328937,2025-01-21,2028-11-29,43,Chance,On,3.53
1698947113,2022-10-05,2028-06-02,133,Adult,N/A,2.09
1959026424,2021-12-29,2026-12-22,5,Money,Language,2.39
1893619975,2024-07-24,2027-10-18,69,Some,N/A,2.55
1876400797,2021-01-20,2025-02-09,102,Provide,N/A,2.17
1031505876,2021-08-17,2029-02-13,9,Respond,N/A,2.52
1188149655,2024-02-26,2028-11-29,70,Thousand,N/A,2.39
1191791645,2024-04-07,2027-08-08,40,Sense,Week,3.34
1561265338,2023-04-12,2027-10-30,123,Argue,N/A,2.38
1909953609,2021-07-19,2023-10-28,76,Card,Audience,3.74
1205119623,2025-08-16,2029-06-08,86,Activity,N/A,3.96
1894549990,2023-09-21,2023-10-21,54,Later,On,3.95
1003319824,2022-09-26,2023-02-27,28,Successful,N/A,3.29
1049807725,2024-07-31,2028-05-09,22,Assume,School,3.45
1373172197,2024-10-12,2025-04-21,95,Process,Human,3.21
1600762132,2025-06-18,2026-03-11,12,Upon,N/A,3.75
1427145504,2025-06-05,2029-05-10,3,However,N/A,3.93
1467509677,2025-07-31,2030-02-07,53,Dinner,Operation,2.52
1711117359,2022-03-25,2026-04-27,1,Heavy,N/A,2.32
1769360880,2024-12-16,2027-08-01,11,Bar,Resource,2.34
1891936697,2023-02-20,2028-12-27,71,Alone,Still,3.89
1701347348,2025-10-11,2027-11-13,77,Difference,N/A,2.12
1629715988,2025-03-29,2025-12-14,100,Design,N/A,2.6
1292100585,2022-12-22,2026-03-10,49,Lose,N/A,3.89
1943872287,2025-03-14,2029-05-12,36,Significant,Force,2.37
1429849083,2024-04-01,2025-12-23,44,List,N/A,2.84
1592325765,2023-11-30,2029-08-14,25,Dog,Picture,3.23
1126698548,2022-04-21,2029-03-20,132,Resource,N/A,3.02
1433846074,2022-12-22,2023-04-23,84,Admit,Off,3.37
1338845787,2022-10-25,2026-12-29,121,Tax,Create,3.08
1976179688,2023-01-04,2025-01-19,116,Field,N/A,2.79
1779196801,2023-03-27,2030-09-24,71,Describe,N/A,2.16
1967342937,2023-05-24,2026-02-09,8,Research,N/A,2.07
